article_id_1,article_id_2,title_similarity,content_similarity,decision,reason,category_conflict,conflicting_categories
VNE_59c0dd054d55,VNN_9f82850e1f03,0.5625,0.7995,keep_both,exact_content_sim=0.7995 < 0.8,False,
VNE_13440c9dd8d7,VNN_17ac56fadf6f,0.3158,0.7986,keep_both,exact_content_sim=0.7986 < 0.8,False,
TTR_876a223e6577,VNE_261dbcd605a1,0.4091,0.7984,keep_both,exact_content_sim=0.7984 < 0.8,False,
TTR_f4ad7624536f,VNN_d6435a1058e0,0.2273,0.7977,keep_both,exact_content_sim=0.7977 < 0.8,False,
TTR_dcc65ce1ef25,VNN_d55f62a1eec2,0.3182,0.7941,keep_both,exact_content_sim=0.7941 < 0.8,False,
TTR_8231d7cec2a4,VNN_c108360a9899,0.55,0.7939,keep_both,exact_content_sim=0.7939 < 0.8,False,
TTR_3097ef57e806,VNN_3df2c2aa5e36,0.1739,0.7898,keep_both,exact_content_sim=0.7898 < 0.8,False,
TTR_c148d0992bef,VNN_d628552928c4,0.3636,0.7886,keep_both,exact_content_sim=0.7886 < 0.8,False,
VNE_cd19b7feec20,VNN_39a4b4237a30,0.3333,0.7885,keep_both,exact_content_sim=0.7885 < 0.8,False,
TTR_b23d02d75636,VNN_a08ce25aeac9,0.1429,0.7883,keep_both,exact_content_sim=0.7883 < 0.8,False,
TTR_16e2580828ae,VNN_47a546095e00,0.25,0.7868,keep_both,exact_content_sim=0.7868 < 0.8,False,
TTR_c57e1c9e71a7,VNE_13440c9dd8d7,0.2632,0.7865,keep_both,exact_content_sim=0.7865 < 0.8,False,
TTR_3e51a50003ae,VNE_59c0dd054d55,0.5625,0.784,keep_both,exact_content_sim=0.784 < 0.8,False,
VNE_37e0b8a2fcb6,VNN_69ceae05dfbe,0.1304,0.7836,keep_both,exact_content_sim=0.7836 < 0.8,False,
TTR_7bd6309efd3b,VNN_ff6f443244a5,0.0556,0.7831,keep_both,exact_content_sim=0.7831 < 0.8,True,Giáo dục vs Sức khỏe
TTR_ef4c51c9982b,VNE_99d535220c07,0.08,0.7757,keep_both,exact_content_sim=0.7757 < 0.8,False,
TTR_6e145c806775,TTR_8e9b61cb89b2,0.1818,0.7751,keep_both,exact_content_sim=0.7751 < 0.8,False,
TTR_102c9b1caa76,VNN_72e7602be3a8,0.0909,0.7746,keep_both,exact_content_sim=0.7746 < 0.8,False,
TTR_135c451a2612,VNE_ed57a7eb9569,0.4737,0.7706,keep_both,exact_content_sim=0.7706 < 0.8,False,
VNE_2c7c9852c1ab,VNN_ffff1c87624d,0.1905,0.7681,keep_both,exact_content_sim=0.7681 < 0.8,False,
TTR_0970a934345e,TTR_43906fe57a05,0.5769,0.767,keep_both,exact_content_sim=0.767 < 0.8,False,
VNN_0cce7890cfba,VNN_78559404e453,0.2,0.7621,keep_both,exact_content_sim=0.7621 < 0.8,False,
TTR_57e37f45bc61,TTR_8e9b61cb89b2,0.5185,0.762,keep_both,exact_content_sim=0.762 < 0.8,False,
VNE_286472855022,VNN_0ab292382ae6,0.1304,0.7585,keep_both,exact_content_sim=0.7585 < 0.8,False,
TTR_876adbeee322,TTR_8b946add91d7,0.0769,0.7577,keep_both,exact_content_sim=0.7577 < 0.8,True,Giải trí vs Kinh doanh
TTR_46563b03c1ff,VNN_4cdf7ffdbafa,0.3214,0.7557,keep_both,exact_content_sim=0.7557 < 0.8,False,
TTR_06d434163f42,TTR_e927c590e6fe,0.2609,0.7556,keep_both,exact_content_sim=0.7556 < 0.8,True,Pháp luật vs Sức khỏe
TTR_a7410876be39,VNE_3ea949f205b9,0.1579,0.7531,keep_both,exact_content_sim=0.7531 < 0.8,False,
TTR_f74fea2e52e6,VNN_88e5f8ec0c84,0.1818,0.7525,keep_both,exact_content_sim=0.7525 < 0.8,False,
VNE_1aa6221a2a36,VNE_ff68e5c69cea,0.1538,0.75,keep_both,exact_content_sim=0.75 < 0.8,False,
TTR_160e5e97db58,TTR_3a95b47388a6,0.5417,0.7478,keep_both,exact_content_sim=0.7478 < 0.8,False,
TTR_8c58eac31e48,VNN_9f61aef27a15,0.2414,0.7478,keep_both,exact_content_sim=0.7478 < 0.8,False,
TTR_86d4165af01a,VNE_866a8963f89b,0.3,0.7476,keep_both,exact_content_sim=0.7476 < 0.8,False,
TTR_f28805d574fb,VNN_30f9d117e7a2,0.3043,0.7468,keep_both,exact_content_sim=0.7468 < 0.8,False,
TTR_3655a83ad118,VNN_53b0cc404da3,0.3684,0.7465,keep_both,exact_content_sim=0.7465 < 0.8,False,
TTR_6226ec6a9425,VNE_286472855022,0.5294,0.7444,keep_both,exact_content_sim=0.7444 < 0.8,False,
TTR_d400d3ba8107,VNN_545e69b52f79,0.4286,0.743,keep_both,exact_content_sim=0.743 < 0.8,False,
TTR_0c40a3e634cf,TTR_c93233a6f472,0.1923,0.7413,keep_both,exact_content_sim=0.7413 < 0.8,False,
TTR_008ac6a7b70e,VNE_622a87ba4dd6,0.4211,0.7408,keep_both,exact_content_sim=0.7408 < 0.8,False,
VNN_12f723107c9c,VNN_5de6fc633df1,0.4167,0.7406,keep_both,exact_content_sim=0.7406 < 0.8,False,
TTR_32f2339ee4f3,TTR_43906fe57a05,0.5,0.7356,keep_both,exact_content_sim=0.7356 < 0.8,False,
TTR_4bdd0d2aff23,TTR_4caecc1d5923,0.3846,0.732,keep_both,exact_content_sim=0.732 < 0.8,False,
TTR_7baaa96091fd,VNN_af9c3b03dd5d,0.3333,0.7317,keep_both,exact_content_sim=0.7317 < 0.8,False,
TTR_938994730ba8,VNN_39a4b4237a30,0.3333,0.7306,keep_both,exact_content_sim=0.7306 < 0.8,True,Giáo dục vs Pháp luật
VNE_c24222bc8c33,VNE_c8cfa914c4a4,0.1379,0.7306,keep_both,exact_content_sim=0.7306 < 0.8,False,
TTR_d244bed32919,VNE_994d811f3576,0.3333,0.73,keep_both,exact_content_sim=0.73 < 0.8,False,
TTR_99b16830c22f,VNE_703c01767c59,0.3478,0.7287,keep_both,exact_content_sim=0.7287 < 0.8,False,
TTR_4af593658f52,VNN_51c612a1a9af,0.5417,0.7275,keep_both,exact_content_sim=0.7275 < 0.8,False,
VNE_d2ac0ccbaf25,VNN_03b71d793f16,0.2105,0.727,keep_both,exact_content_sim=0.727 < 0.8,False,
TTR_6157b00b385e,TTR_f54c681d3bff,0.0909,0.7243,keep_both,exact_content_sim=0.7243 < 0.8,False,
TTR_c87a9e977ccd,VNN_83387c301a6e,0.2174,0.7235,keep_both,exact_content_sim=0.7235 < 0.8,False,
TTR_324268bb35ea,TTR_ac9dfb6a2331,0.1515,0.7209,keep_both,exact_content_sim=0.7209 < 0.8,False,
VNE_eede622e4d27,VNN_8b20b5089521,0.3333,0.7194,keep_both,exact_content_sim=0.7194 < 0.8,False,
TTR_1c4166d21ee1,TTR_e927c590e6fe,0.125,0.7184,keep_both,exact_content_sim=0.7184 < 0.8,False,
TTR_b165506f4bb9,TTR_d1f883def03c,0.6667,0.7179,keep_both,"title_match_diff_dates (days_diff=12.76d > 2.0d, content_sim=0.7179)",False,
TTR_32f2339ee4f3,TTR_ef6bdedfc7ca,0.4138,0.7175,keep_both,exact_content_sim=0.7175 < 0.8,False,
VNE_e4fe5674c8a1,VNN_7c02e65abdd7,0.4,0.7166,keep_both,exact_content_sim=0.7166 < 0.8,False,
TTR_e0de9aaf6c32,VNE_8f98716bc089,0.0909,0.7163,keep_both,exact_content_sim=0.7163 < 0.8,False,
TTR_4675831c0d78,VNN_95055cd2f5db,0.5,0.7156,keep_both,exact_content_sim=0.7156 < 0.8,False,
TTR_4dc9ec11851e,VNN_fe7e597565d7,0.3,0.712,keep_both,exact_content_sim=0.712 < 0.8,False,
TTR_0970a934345e,TTR_a78d3cabdccb,0.4643,0.7089,keep_both,exact_content_sim=0.7089 < 0.8,False,
TTR_0970a934345e,TTR_32f2339ee4f3,0.4286,0.7081,keep_both,exact_content_sim=0.7081 < 0.8,False,
TTR_b669d85d49df,VNN_3a59f96a8f41,0.2083,0.7063,keep_both,exact_content_sim=0.7063 < 0.8,False,
TTR_640485245b15,VNN_5a8b4758606d,0.5882,0.705,keep_both,exact_content_sim=0.705 < 0.8,False,
TTR_16b2e52e94a7,VNN_a4d5d71ae8d8,0.3793,0.7042,keep_both,exact_content_sim=0.7042 < 0.8,False,
TTR_32f2339ee4f3,TTR_dc34d077f620,0.5,0.704,keep_both,exact_content_sim=0.704 < 0.8,False,
TTR_6e145c806775,TTR_eb8e26aeda75,0.0882,0.704,keep_both,exact_content_sim=0.704 < 0.8,False,
TTR_1bf03eed895f,VNE_42a7a499625f,0.5714,0.7033,keep_both,exact_content_sim=0.7033 < 0.8,False,
TTR_08ac18969fad,TTR_dca790a59c8b,0.4583,0.7003,keep_both,exact_content_sim=0.7003 < 0.8,False,
TTR_1f3f9a18fcef,VNN_d8457bc70a23,0.6667,0.6977,keep_both,exact_content_sim=0.6977 < 0.8,False,
TTR_324268bb35ea,TTR_bc97740f05b0,0.1562,0.6967,keep_both,exact_content_sim=0.6967 < 0.8,False,
TTR_619782fb698f,VNN_86bbc7aa2423,0.3636,0.6967,keep_both,exact_content_sim=0.6967 < 0.8,False,
TTR_a90ed8aea9e5,VNE_4d0ea601342a,0.3043,0.6955,keep_both,exact_content_sim=0.6955 < 0.8,False,
TTR_71cd0e725b46,TTR_b0bdf4a4d8c2,0.2571,0.695,keep_both,exact_content_sim=0.695 < 0.8,True,Sức khỏe vs Pháp luật
TTR_a70b49195f48,VNN_190af7d8bf62,0.1,0.6842,keep_both,exact_content_sim=0.6842 < 0.8,False,
VNE_15cfbb927238,VNE_7527a4863653,0.3529,0.6842,keep_both,exact_content_sim=0.6842 < 0.8,False,
TTR_495852afe6c5,VNN_aea887120ab8,0.0741,0.6824,keep_both,exact_content_sim=0.6824 < 0.8,False,
TTR_ce3262babc67,VNE_03fda405d720,0.36,0.6812,keep_both,exact_content_sim=0.6812 < 0.8,False,
TTR_6a98f547494f,VNE_c7f36823f9af,0.7222,0.6775,keep_both,exact_content_sim=0.6775 < 0.8,False,
TTR_5722c83d1cd2,VNE_dd16605919cb,0.1154,0.677,keep_both,exact_content_sim=0.677 < 0.8,False,
TTR_938994730ba8,VNE_cd19b7feec20,0.3636,0.675,keep_both,exact_content_sim=0.675 < 0.8,True,Giáo dục vs Pháp luật
VNE_f854b1015291,VNN_1e38ae45768e,0.6429,0.6735,keep_both,exact_content_sim=0.6735 < 0.8,False,
TTR_8e9b61cb89b2,TTR_eb8e26aeda75,0.1765,0.673,keep_both,exact_content_sim=0.673 < 0.8,False,
TTR_ac3996008bdf,VNE_5e91800d386e,0.1379,0.6716,keep_both,exact_content_sim=0.6716 < 0.8,False,
TTR_52b794ef00dc,VNN_893b2dd6c547,0.3636,0.6713,keep_both,exact_content_sim=0.6713 < 0.8,False,
TTR_3cc96427bf78,VNE_8135731934b5,0.2857,0.6674,keep_both,exact_content_sim=0.6674 < 0.8,False,
TTR_1238df1e00f0,VNE_c786e3204a46,0.4,0.6667,keep_both,exact_content_sim=0.6667 < 0.8,False,
VNE_b5175a77930b,VNN_062c987f2694,0.3684,0.6667,keep_both,exact_content_sim=0.6667 < 0.8,True,Giáo dục vs Kinh doanh
TTR_c10ea4866922,VNN_940152e04087,0.1053,0.6653,keep_both,exact_content_sim=0.6653 < 0.8,False,
VNE_b1149abb37ba,VNN_0ac47bdb3355,0.2273,0.664,keep_both,exact_content_sim=0.664 < 0.8,False,
TTR_4a212c9b69d7,VNE_7888f616d388,0.7222,0.6635,keep_both,exact_content_sim=0.6635 < 0.8,False,
VNE_131f838b834b,VNN_621236c4d00c,1.0,0.6625,keep_both,exact_content_sim=0.6625 < 0.8,False,
VNE_c15d52a142bb,VNN_523e7aec589d,0.7778,0.6606,keep_both,exact_content_sim=0.6606 < 0.8,False,
VNE_ec50877e80d1,VNN_e7a20564a1f4,0.1667,0.6579,keep_both,exact_content_sim=0.6579 < 0.8,False,
TTR_40ef5952e6b6,VNN_6b403a5ee922,0.0741,0.6569,keep_both,exact_content_sim=0.6569 < 0.8,False,
TTR_b0bdf4a4d8c2,VNE_cbc8352a53ac,0.6087,0.6568,keep_both,exact_content_sim=0.6568 < 0.8,False,
TTR_2824f567e431,TTR_f0b0ae7e5de8,0.1875,0.6549,keep_both,exact_content_sim=0.6549 < 0.8,False,
TTR_5bf2f1c3aaaa,VNN_8c47accdfb4e,0.4,0.6542,keep_both,exact_content_sim=0.6542 < 0.8,False,
TTR_4b360b4da9ca,TTR_5a69a1392206,0.65,0.654,keep_both,"same_title_diff_dates (days_diff=2.07d > 2.0d, content_sim=0.654 < 0.7)",False,
VNE_2f5723a4b77e,VNN_4f1135696f7b,1.0,0.6539,keep_both,exact_content_sim=0.6539 < 0.8,False,
VNE_7e213d448b91,VNN_940152e04087,0.1,0.6538,keep_both,exact_content_sim=0.6538 < 0.8,False,
TTR_2b18d26eeed0,TTR_4e8d915aef1e,0.44,0.6528,keep_both,exact_content_sim=0.6528 < 0.8,False,
TTR_b98fc968f285,VNN_00f6cbc59f4c,0.2857,0.6525,keep_both,exact_content_sim=0.6525 < 0.8,False,
TTR_16672cae311a,VNE_7d4b5d5b2f10,0.2,0.6499,keep_both,exact_content_sim=0.6499 < 0.8,False,
VNE_15cfbb927238,VNE_4a8b1862cf49,0.05,0.6497,keep_both,exact_content_sim=0.6497 < 0.8,False,
VNE_0f3e746f3795,VNE_4739239d5927,0.1579,0.6472,keep_both,exact_content_sim=0.6472 < 0.8,True,Thể thao vs Kinh doanh
VNE_20e9895591cc,VNE_a6270eea7656,0.125,0.6468,keep_both,exact_content_sim=0.6468 < 0.8,False,
VNE_2d675fc67b68,VNN_e5a3d95e0277,0.2273,0.6462,keep_both,exact_content_sim=0.6462 < 0.8,False,
TTR_6bd740d12055,TTR_9358cf46ed63,0.6667,0.6453,keep_both,"same_title_diff_dates (days_diff=7.0d > 2.0d, content_sim=0.6453 < 0.7)",False,
TTR_a3c5d2ec6524,VNN_c96c2bdbe795,0.3684,0.6453,keep_both,exact_content_sim=0.6453 < 0.8,False,
TTR_292880869f97,TTR_ee65d6d6d5d9,0.3125,0.6448,keep_both,exact_content_sim=0.6448 < 0.8,False,
VNN_718543d04ce5,VNN_e52afdd32632,0.1852,0.6444,keep_both,exact_content_sim=0.6444 < 0.8,False,
TTR_0af0cc97c349,VNE_2f5723a4b77e,1.0,0.6437,keep_both,exact_content_sim=0.6437 < 0.8,False,
VNN_048d847874bf,VNN_c3b32c44fd2c,0.2174,0.6387,keep_both,exact_content_sim=0.6387 < 0.8,False,
TTR_ae4ed258b94d,VNN_cee70d2fcebf,0.875,0.6383,keep_both,exact_content_sim=0.6383 < 0.8,False,
TTR_9a648d84c97d,VNN_303fb7010f56,0.24,0.6379,keep_both,exact_content_sim=0.6379 < 0.8,False,
TTR_a86561ffb334,VNN_947addea35a6,0.4444,0.6374,keep_both,exact_content_sim=0.6374 < 0.8,False,
TTR_7f6654039138,TTR_9868b9a1f8d3,0.3571,0.6368,keep_both,exact_content_sim=0.6368 < 0.8,False,
TTR_5c1e6ba0331c,TTR_9d799afbd6db,0.1892,0.6359,keep_both,exact_content_sim=0.6359 < 0.8,False,
TTR_ef04d11a2690,VNN_06d618c144c3,0.5455,0.6352,keep_both,exact_content_sim=0.6352 < 0.8,False,
TTR_324268bb35ea,TTR_525f010bfb29,0.125,0.6341,keep_both,exact_content_sim=0.6341 < 0.8,False,
TTR_9a648d84c97d,VNE_753e7295f3a5,0.5455,0.6332,keep_both,exact_content_sim=0.6332 < 0.8,False,
TTR_8b946add91d7,VNN_063396f0ea4c,0.2727,0.6313,keep_both,exact_content_sim=0.6313 < 0.8,True,Kinh doanh vs Giải trí
TTR_a123e322025a,VNE_2d6bbd698db4,0.5263,0.6311,keep_both,exact_content_sim=0.6311 < 0.8,False,
TTR_2f3a4b2052e2,TTR_afb30f806d94,0.375,0.6262,keep_both,exact_content_sim=0.6262 < 0.8,False,
TTR_f8fa34e61437,VNE_c67577c16f84,0.3333,0.6247,keep_both,exact_content_sim=0.6247 < 0.8,False,
TTR_2dd48104575c,TTR_f0224689286d,0.2105,0.6243,keep_both,exact_content_sim=0.6243 < 0.8,False,
TTR_361c1ddcb707,VNE_7c76e82b4c35,0.1923,0.6241,keep_both,exact_content_sim=0.6241 < 0.8,False,
TTR_525f010bfb29,TTR_bc97740f05b0,0.3448,0.6241,keep_both,exact_content_sim=0.6241 < 0.8,False,
VNE_74b6342ac392,VNE_cb58e9cf1fe9,0.375,0.6237,keep_both,exact_content_sim=0.6237 < 0.8,False,
TTR_dc34d077f620,TTR_ef6bdedfc7ca,0.3636,0.623,keep_both,exact_content_sim=0.623 < 0.8,False,
TTR_142db3b47c08,VNN_de4a67b6d1a9,0.2308,0.6219,keep_both,exact_content_sim=0.6219 < 0.8,False,
TTR_21cf421026e4,VNN_4a62441e95f9,0.0645,0.6209,keep_both,exact_content_sim=0.6209 < 0.8,False,
VNE_57a94d58f7ca,VNE_f07ffde20984,0.45,0.6189,keep_both,exact_content_sim=0.6189 < 0.8,False,
TTR_d23aead1467d,TTR_f283a2e802ab,0.5833,0.6179,keep_both,exact_content_sim=0.6179 < 0.8,False,
VNE_2dae05411d78,VNE_a5ec4fbe694a,0.3889,0.6166,keep_both,exact_content_sim=0.6166 < 0.8,False,
TTR_b1687d46a047,VNN_3be4d5e7a542,0.3333,0.6162,keep_both,exact_content_sim=0.6162 < 0.8,False,
TTR_43906fe57a05,TTR_a78d3cabdccb,0.4815,0.614,keep_both,exact_content_sim=0.614 < 0.8,False,
VNE_ffe23b42b89c,VNN_0f96e6e0d02a,0.5625,0.6127,keep_both,exact_content_sim=0.6127 < 0.8,False,
VNE_c9f1c319c41f,VNN_e4bf5e698ecf,0.1786,0.6126,keep_both,exact_content_sim=0.6126 < 0.8,False,
VNN_84b4aeab2382,VNN_beec1a067569,0.1429,0.6103,keep_both,exact_content_sim=0.6103 < 0.8,False,
TTR_1671aa454ca8,VNE_7ff787712059,0.7143,0.6098,keep_both,exact_content_sim=0.6098 < 0.8,False,
TTR_d1f883def03c,TTR_f92fc5808092,1.0,0.6086,keep_both,"same_title_diff_dates (days_diff=13.73d > 2.0d, content_sim=0.6086 < 0.7)",False,
TTR_1e11d406467e,TTR_7feae2cbbd47,0.125,0.6078,keep_both,exact_content_sim=0.6078 < 0.8,False,
TTR_ef9d5f527a41,VNN_850bd7455732,0.6111,0.6077,keep_both,exact_content_sim=0.6077 < 0.8,False,
TTR_9b093ca3ae6d,VNE_0e6e9864d05e,0.9286,0.6046,keep_both,exact_content_sim=0.6046 < 0.8,False,
VNE_5c726aebcb13,VNN_850bd7455732,0.5625,0.6018,keep_both,exact_content_sim=0.6018 < 0.8,False,
TTR_e4fa114e6f0d,VNN_89e890340a40,0.3684,0.6007,keep_both,exact_content_sim=0.6007 < 0.8,False,
TTR_6545c0c2aa04,VNN_916b8af1453f,0.3182,0.5994,keep_both,exact_content_sim=0.5994 < 0.8,False,
TTR_077c75fbcdf8,TTR_ac9dfb6a2331,0.2333,0.5989,keep_both,exact_content_sim=0.5989 < 0.8,False,
VNN_5fc8f4f630c0,VNN_6a46076a84f7,0.1333,0.5981,keep_both,exact_content_sim=0.5981 < 0.8,False,
TTR_8a45a0d06b93,VNN_64214f600993,0.32,0.5947,keep_both,exact_content_sim=0.5947 < 0.8,False,
TTR_7935160cae14,VNN_89264579a33d,0.5455,0.5935,keep_both,exact_content_sim=0.5935 < 0.8,False,
TTR_9f20beb2e789,VNN_27aa4182ebd2,0.0667,0.5933,keep_both,exact_content_sim=0.5933 < 0.8,False,
VNN_1db2fcbf8c26,VNN_464587ec0908,0.0645,0.5907,keep_both,exact_content_sim=0.5907 < 0.8,False,
TTR_3cc96427bf78,TTR_9868b9a1f8d3,0.3929,0.5889,keep_both,exact_content_sim=0.5889 < 0.8,True,Pháp luật vs Giáo dục
TTR_a306143b866e,VNN_b061404b68d3,0.2,0.5874,keep_both,exact_content_sim=0.5874 < 0.8,False,
TTR_36950c2b0f4c,VNE_88e71a1d4d79,0.4762,0.5873,keep_both,exact_content_sim=0.5873 < 0.8,False,
TTR_889c6701a089,VNE_ffe23b42b89c,0.5294,0.585,keep_both,exact_content_sim=0.585 < 0.8,False,
TTR_f624bcd03b2b,VNE_8304d2a7c6e9,0.35,0.5846,keep_both,exact_content_sim=0.5846 < 0.8,False,
TTR_84ab6176c626,TTR_f92fc5808092,0.5357,0.5841,keep_both,exact_content_sim=0.5841 < 0.8,False,
TTR_51d0f5ac58d1,TTR_e35ff84c59fd,0.1667,0.5823,keep_both,exact_content_sim=0.5823 < 0.8,False,
TTR_e5fde9015233,VNN_e492f0e6ed9f,0.0714,0.5817,keep_both,exact_content_sim=0.5817 < 0.8,False,
TTR_42e534c86c7e,TTR_4b360b4da9ca,0.2692,0.5772,keep_both,exact_content_sim=0.5772 < 0.8,False,
TTR_f91ef6c125ce,VNN_e07355ef9f72,0.5,0.5765,keep_both,exact_content_sim=0.5765 < 0.8,False,
VNE_2ad4c4281433,VNN_b2aa9d4b2751,0.6667,0.576,keep_both,exact_content_sim=0.576 < 0.8,False,
TTR_9358cf46ed63,TTR_fe7277b87946,0.7647,0.5759,keep_both,"same_title_diff_dates (days_diff=6.99d > 2.0d, content_sim=0.5759 < 0.7)",False,
TTR_024a269709db,VNN_d5c6fed07176,0.2857,0.5743,keep_both,exact_content_sim=0.5743 < 0.8,False,
TTR_06cadefd71a9,TTR_8819a9f2f013,0.2727,0.5743,keep_both,exact_content_sim=0.5743 < 0.8,False,
TTR_4a41df748b78,TTR_9b8e05e9c007,0.0667,0.5728,keep_both,exact_content_sim=0.5728 < 0.8,False,
VNE_df4387a08f8e,VNN_a6c7c2fc5c64,0.08,0.5703,keep_both,exact_content_sim=0.5703 < 0.8,False,
TTR_24e4947499da,VNE_0fb076bf4213,0.8333,0.5679,keep_both,exact_content_sim=0.5679 < 0.8,False,
TTR_40276249eaeb,VNN_7eeb161a6112,0.9231,0.566,keep_both,exact_content_sim=0.566 < 0.8,False,
VNE_a40fefe6999d,VNE_b8366dd61ba4,0.4667,0.5616,keep_both,exact_content_sim=0.5616 < 0.8,False,
VNN_9df143225da9,VNN_d6f809a411af,0.1111,0.5598,keep_both,exact_content_sim=0.5598 < 0.8,False,
TTR_3cc96427bf78,TTR_7f6654039138,0.4444,0.5553,keep_both,exact_content_sim=0.5553 < 0.8,True,Pháp luật vs Giáo dục
TTR_465f4442a6e7,TTR_564b3f3ce4a1,0.1818,0.5503,keep_both,exact_content_sim=0.5503 < 0.8,False,
VNN_54b4a5df12c9,VNN_73ece52e5117,0.5385,0.5487,keep_both,exact_content_sim=0.5487 < 0.8,False,
VNE_350acdac7b01,VNN_05c57f2c0438,0.4737,0.548,keep_both,exact_content_sim=0.548 < 0.8,False,
VNE_652b7bcd2540,VNN_3ae5a9f8971d,0.1304,0.5479,keep_both,exact_content_sim=0.5479 < 0.8,False,
VNE_72d1aad3b7f7,VNN_08487a896692,0.25,0.5477,keep_both,exact_content_sim=0.5477 < 0.8,False,
TTR_c1a49fea2a34,VNN_3d18abc3d051,0.3846,0.5457,keep_both,exact_content_sim=0.5457 < 0.8,False,
VNE_45c59ac10f0d,VNN_4f692f67fe22,0.0526,0.5447,keep_both,exact_content_sim=0.5447 < 0.8,False,
TTR_619db1b03a5e,VNN_47cacdf80657,0.45,0.5434,keep_both,exact_content_sim=0.5434 < 0.8,False,
TTR_9153a0dbb0dc,VNN_5d6332ae558e,0.1852,0.5424,keep_both,exact_content_sim=0.5424 < 0.8,False,
TTR_6f19a8ac0a98,VNE_d7ad472d494b,0.35,0.5394,keep_both,exact_content_sim=0.5394 < 0.8,False,
TTR_0baa00d17059,VNN_d41c3c42c44d,0.0769,0.5347,keep_both,exact_content_sim=0.5347 < 0.8,False,
TTR_876adbeee322,VNN_063396f0ea4c,0.0625,0.5338,keep_both,exact_content_sim=0.5338 < 0.8,False,
TTR_98a2e8c8211d,TTR_f8eb7e5b931b,0.5294,0.531,keep_both,exact_content_sim=0.531 < 0.8,False,
TTR_80f91d9d4555,VNE_52b4f45282d8,0.2692,0.5305,keep_both,exact_content_sim=0.5305 < 0.8,False,
TTR_2a96fd0fb05f,TTR_ad363bffae09,0.2222,0.5304,keep_both,exact_content_sim=0.5304 < 0.8,False,
VNN_1babe304b210,VNN_dab46cfdd86e,0.3529,0.5289,keep_both,exact_content_sim=0.5289 < 0.8,False,
TTR_f717e065a9b0,VNN_7e379a8f33e0,0.1852,0.5288,keep_both,exact_content_sim=0.5288 < 0.8,False,
VNN_651dc8549991,VNN_c45c3d516718,0.2857,0.5283,keep_both,exact_content_sim=0.5283 < 0.8,False,
TTR_68a61311691e,TTR_f0480dfdf95b,0.6667,0.5282,keep_both,exact_content_sim=0.5282 < 0.8,False,
TTR_0970a934345e,TTR_42e534c86c7e,0.0588,0.5263,keep_both,exact_content_sim=0.5263 < 0.8,False,
TTR_42e534c86c7e,TTR_5a69a1392206,0.3043,0.5249,keep_both,exact_content_sim=0.5249 < 0.8,False,
TTR_564b3f3ce4a1,VNN_19232bf3addf,0.0556,0.5221,keep_both,exact_content_sim=0.5221 < 0.8,False,
VNN_6d1ade841278,VNN_77f7a4091908,0.3684,0.5216,keep_both,exact_content_sim=0.5216 < 0.8,False,
VNN_43e6427dcafd,VNN_619d54a2a27e,0.5238,0.5209,keep_both,exact_content_sim=0.5209 < 0.8,False,
TTR_fcf88662f965,VNE_c2d23375e739,0.25,0.5197,keep_both,exact_content_sim=0.5197 < 0.8,False,
TTR_da76d351d318,VNN_8e3c5df06d81,0.1786,0.5196,keep_both,exact_content_sim=0.5196 < 0.8,False,
TTR_0c65edb5469a,VNN_5401b4b72006,0.4545,0.519,keep_both,exact_content_sim=0.519 < 0.8,False,
TTR_9320dede5fc5,TTR_9ae6a8888061,0.2632,0.5187,keep_both,exact_content_sim=0.5187 < 0.8,False,
VNE_20cc83bd2a28,VNN_7eeb161a6112,0.9231,0.5181,keep_both,exact_content_sim=0.5181 < 0.8,False,
TTR_da7a94cefec1,VNE_cbbbad88f7c7,0.1538,0.518,keep_both,exact_content_sim=0.518 < 0.8,True,Giáo dục vs Sức khỏe
VNE_f07ffde20984,VNN_b7ebd03c5d76,0.2083,0.5165,keep_both,exact_content_sim=0.5165 < 0.8,False,
TTR_f624bcd03b2b,VNE_0b14b0da71ca,0.3043,0.5142,keep_both,exact_content_sim=0.5142 < 0.8,False,
TTR_ac9dfb6a2331,VNN_f0ecda5d6f80,0.3704,0.5097,keep_both,exact_content_sim=0.5097 < 0.8,False,
VNN_3b562964f807,VNN_d94407ce32c2,0.4583,0.5096,keep_both,exact_content_sim=0.5096 < 0.8,False,
TTR_a9f7744d6e69,VNE_3079f9d3ac5a,0.1481,0.5081,keep_both,exact_content_sim=0.5081 < 0.8,False,
TTR_0970a934345e,TTR_1ae05a25e265,0.4815,0.5066,keep_both,exact_content_sim=0.5066 < 0.8,False,
TTR_6a7118caf523,TTR_f2d057541b30,0.4706,0.5058,keep_both,exact_content_sim=0.5058 < 0.8,False,
TTR_514ed1ec9e9a,VNE_c25e9809a733,0.1579,0.499,keep_both,exact_content_sim=0.499 < 0.8,True,Kinh doanh vs Khoa học công nghệ
VNE_8f2e863e2319,VNN_72a1e493d225,0.0,0.4975,keep_both,exact_content_sim=0.4975 < 0.8,False,
VNN_cebf3a9abc36,VNN_faf9b0abb19f,0.3333,0.4956,keep_both,exact_content_sim=0.4956 < 0.8,False,
TTR_2b18d26eeed0,VNN_d1e14ed7a015,0.2692,0.4941,keep_both,exact_content_sim=0.4941 < 0.8,False,
TTR_44738f8ed0eb,VNE_adb0372da4cb,0.12,0.4908,keep_both,exact_content_sim=0.4908 < 0.8,False,
TTR_42e534c86c7e,TTR_f2d057541b30,0.3043,0.4887,keep_both,exact_content_sim=0.4887 < 0.8,False,
TTR_5a69a1392206,TTR_901e8f21fbab,0.4,0.4844,keep_both,exact_content_sim=0.4844 < 0.8,False,
TTR_42e534c86c7e,TTR_a78d3cabdccb,0.0938,0.4825,keep_both,exact_content_sim=0.4825 < 0.8,False,
TTR_ca126995f0dc,TTR_e2a037ad543a,0.1212,0.4816,keep_both,exact_content_sim=0.4816 < 0.8,False,
TTR_e2a037ad543a,VNN_f7fadc015152,0.125,0.479,keep_both,exact_content_sim=0.479 < 0.8,False,
VNE_a22df0631feb,VNN_442d94b5928a,0.4211,0.4786,keep_both,exact_content_sim=0.4786 < 0.8,True,Kinh doanh vs Khoa học công nghệ
VNN_5d6332ae558e,VNN_6c6b18b2c0b1,0.4545,0.4786,keep_both,exact_content_sim=0.4786 < 0.8,False,
TTR_89087aef868a,TTR_d615b320afba,0.4,0.4758,keep_both,exact_content_sim=0.4758 < 0.8,False,
VNN_6fcbbefc5449,VNN_aa31dcb4e901,0.0625,0.4745,keep_both,exact_content_sim=0.4745 < 0.8,False,
TTR_8bff9a87b90d,VNN_64214f600993,0.0,0.4677,keep_both,exact_content_sim=0.4677 < 0.8,False,
VNN_3be4d5e7a542,VNN_fe6477a95492,0.0938,0.4668,keep_both,exact_content_sim=0.4668 < 0.8,False,
VNN_903c78f36394,VNN_d65863c8cdbd,0.25,0.4629,keep_both,exact_content_sim=0.4629 < 0.8,False,
VNN_572344ba8764,VNN_72688e571aa2,0.3333,0.4596,keep_both,exact_content_sim=0.4596 < 0.8,False,
TTR_085f14d5076f,TTR_a072cf12d0e4,0.44,0.4581,keep_both,exact_content_sim=0.4581 < 0.8,False,
TTR_1ae05a25e265,TTR_a78d3cabdccb,0.5,0.4574,keep_both,exact_content_sim=0.4574 < 0.8,False,
TTR_1ae05a25e265,TTR_42e534c86c7e,0.0968,0.4571,keep_both,exact_content_sim=0.4571 < 0.8,False,
TTR_60c0a1f06fa5,TTR_e122e54f54c4,0.1944,0.4568,keep_both,exact_content_sim=0.4568 < 0.8,False,
VNN_9eb43b3a846a,VNN_cebf3a9abc36,0.4167,0.4567,keep_both,exact_content_sim=0.4567 < 0.8,False,
VNE_88f5d11a4546,VNE_fece885dbfb6,0.5882,0.4551,keep_both,exact_content_sim=0.4551 < 0.8,False,
TTR_04d5571cdbe6,TTR_c8fe749210c9,0.0,0.454,keep_both,exact_content_sim=0.454 < 0.8,False,
VNE_3ac83169ba93,VNE_89d16f8a6f1a,0.0,0.4539,keep_both,exact_content_sim=0.4539 < 0.8,False,
TTR_f624bcd03b2b,VNN_aae86a0515fe,0.16,0.4531,keep_both,exact_content_sim=0.4531 < 0.8,False,
TTR_2672f2c25ca4,TTR_ad796cf52d62,0.1071,0.4522,keep_both,exact_content_sim=0.4522 < 0.8,False,
VNE_45349a69a9af,VNE_91f28ccddb28,0.1765,0.4516,keep_both,exact_content_sim=0.4516 < 0.8,False,
TTR_8a45a0d06b93,TTR_8bff9a87b90d,0.0,0.4501,keep_both,exact_content_sim=0.4501 < 0.8,False,
VNE_caee9f2e1b46,VNN_fd15fbdb95f4,1.0,0.4479,keep_both,exact_content_sim=0.4479 < 0.8,False,
VNN_1a496e196f5a,VNN_97326795e14b,0.2308,0.4479,keep_both,exact_content_sim=0.4479 < 0.8,False,
VNN_49e7626b7a80,VNN_f6d8d4d6dddb,0.05,0.4473,keep_both,exact_content_sim=0.4473 < 0.8,False,
TTR_afb30f806d94,VNE_57a94d58f7ca,0.4348,0.447,keep_both,exact_content_sim=0.447 < 0.8,False,
TTR_077c75fbcdf8,VNN_f0ecda5d6f80,0.28,0.4466,keep_both,exact_content_sim=0.4466 < 0.8,False,
TTR_2558b361d011,TTR_846d1d97511b,0.1905,0.4463,keep_both,exact_content_sim=0.4463 < 0.8,False,
TTR_2f3a4b2052e2,VNE_57a94d58f7ca,0.3913,0.446,keep_both,exact_content_sim=0.446 < 0.8,False,
TTR_b1687d46a047,VNN_fe6477a95492,0.0571,0.4458,keep_both,exact_content_sim=0.4458 < 0.8,False,
TTR_9ace80683749,VNN_047634d60ee9,0.1905,0.4457,keep_both,exact_content_sim=0.4457 < 0.8,False,
TTR_9153a0dbb0dc,VNN_6c6b18b2c0b1,0.1429,0.4456,keep_both,exact_content_sim=0.4456 < 0.8,False,
VNN_b33b5903223f,VNN_e05b02b87584,0.1071,0.445,keep_both,exact_content_sim=0.445 < 0.8,False,
VNN_3be4d5e7a542,VNN_9f61aef27a15,0.1,0.4433,keep_both,exact_content_sim=0.4433 < 0.8,False,
TTR_14b7fcda8d7d,TTR_f9be654de21e,0.1429,0.4425,keep_both,exact_content_sim=0.4425 < 0.8,False,
TTR_1257e1f6132e,TTR_267b6b96cd23,0.1515,0.4419,keep_both,exact_content_sim=0.4419 < 0.8,False,
VNE_57a94d58f7ca,VNN_b7ebd03c5d76,0.1852,0.4418,keep_both,exact_content_sim=0.4418 < 0.8,False,
TTR_221f8c335824,VNN_73ece52e5117,0.1613,0.4395,keep_both,exact_content_sim=0.4395 < 0.8,True,Kinh doanh vs Khoa học công nghệ
VNN_5fc8f4f630c0,VNN_f800ed493914,0.1,0.4394,keep_both,exact_content_sim=0.4394 < 0.8,False,
TTR_5001be2079bd,TTR_f23af946ca41,0.2174,0.4392,keep_both,exact_content_sim=0.4392 < 0.8,False,
TTR_124dc949b46f,TTR_12ce8fc80dbf,0.3103,0.4387,keep_both,exact_content_sim=0.4387 < 0.8,False,
VNN_6adc5075e331,VNN_d6688747d536,1.0,0.4377,keep_both,"same_title_diff_dates (days_diff=13.87d > 2.0d, content_sim=0.4377 < 0.7)",False,
TTR_51da48c27ba8,TTR_89087aef868a,0.3478,0.4353,keep_both,exact_content_sim=0.4353 < 0.8,False,
VNE_3542d7fad65e,VNE_b74883edbdd4,0.2143,0.4333,keep_both,exact_content_sim=0.4333 < 0.8,False,
TTR_1e11d406467e,TTR_36a68c84ed45,0.04,0.4329,keep_both,exact_content_sim=0.4329 < 0.8,False,
TTR_63af6a8599e1,TTR_9c3f99e96937,0.129,0.4325,keep_both,exact_content_sim=0.4325 < 0.8,False,
TTR_748d4beea5b0,TTR_b2ef97c80605,0.1795,0.4321,keep_both,exact_content_sim=0.4321 < 0.8,False,
TTR_5f19174b83f9,TTR_84e0e5f2601d,0.3158,0.4314,keep_both,exact_content_sim=0.4314 < 0.8,False,
TTR_3cc96427bf78,TTR_843c327c2615,0.027,0.4312,keep_both,exact_content_sim=0.4312 < 0.8,False,
VNN_6a46076a84f7,VNN_f800ed493914,0.0,0.4271,keep_both,exact_content_sim=0.4271 < 0.8,False,
TTR_66707b2c840b,VNE_e8caac176852,0.0333,0.4262,keep_both,exact_content_sim=0.4262 < 0.8,True,Kinh doanh vs Khoa học công nghệ
VNE_03e8594cb5a7,VNE_a4eb34c2818e,1.0,0.4259,keep_both,"same_title_diff_dates (days_diff=13.99d > 2.0d, content_sim=0.4259 < 0.7)",False,
TTR_9b8e05e9c007,VNE_a3a58bb1a4b6,1.0,0.4254,keep_both,exact_content_sim=0.4254 < 0.8,False,
TTR_6a98f547494f,VNE_e8caac176852,0.0833,0.4249,keep_both,exact_content_sim=0.4249 < 0.8,True,Kinh doanh vs Khoa học công nghệ
TTR_7b3b35b9bb5d,TTR_7d922fdd5755,0.0,0.4233,keep_both,exact_content_sim=0.4233 < 0.8,False,
TTR_5d661f4670ba,TTR_f2d057541b30,0.0667,0.4225,keep_both,exact_content_sim=0.4225 < 0.8,False,
VNE_627afda60e9a,VNN_0fd3bda837f9,0.0769,0.4221,keep_both,exact_content_sim=0.4221 < 0.8,False,
TTR_591d92f39443,VNN_5bbea101de0c,0.0,0.4215,keep_both,exact_content_sim=0.4215 < 0.8,False,
TTR_faa86c2769c6,VNE_c30029ba40dd,0.2222,0.4187,keep_both,exact_content_sim=0.4187 < 0.8,False,
VNE_bfb1ac9a54e0,VNE_cc6d50b0abe8,0.2778,0.4183,keep_both,exact_content_sim=0.4183 < 0.8,False,
VNE_7c2cbcb5247f,VNE_a4eb34c2818e,1.0,0.4174,keep_both,"same_title_diff_dates (days_diff=7.0d > 2.0d, content_sim=0.4174 < 0.7)",False,
TTR_b176ddc16b1a,TTR_d7088a455455,0.12,0.4173,keep_both,exact_content_sim=0.4173 < 0.8,False,
TTR_8eda0be22725,VNN_b6e351105209,0.0286,0.4165,keep_both,exact_content_sim=0.4165 < 0.8,True,Giáo dục vs Khoa học công nghệ
VNE_03e8594cb5a7,VNE_7c2cbcb5247f,1.0,0.4164,keep_both,"same_title_diff_dates (days_diff=7.0d > 2.0d, content_sim=0.4164 < 0.7)",False,
TTR_0e2fccad82ea,VNN_c588b28eaf28,0.0909,0.4162,keep_both,exact_content_sim=0.4162 < 0.8,False,
VNE_b42784ecf8b0,VNE_ffc7b87ebd4b,0.4211,0.4137,keep_both,exact_content_sim=0.4137 < 0.8,False,
TTR_a797b6e7b77e,TTR_c8e8dbc18b60,0.1739,0.4134,keep_both,exact_content_sim=0.4134 < 0.8,False,
TTR_1ee2eb27ee90,TTR_b0b2b55f6262,0.0769,0.4131,keep_both,exact_content_sim=0.4131 < 0.8,False,
TTR_3bb868a62dad,VNN_9f61aef27a15,0.2,0.4116,keep_both,exact_content_sim=0.4116 < 0.8,False,
TTR_2cbe90e6751d,TTR_d2210539ecb2,0.0513,0.4105,keep_both,exact_content_sim=0.4105 < 0.8,True,Giải trí vs Kinh doanh
TTR_2eab785e9a68,TTR_8fc3069f067d,0.0,0.4103,keep_both,exact_content_sim=0.4103 < 0.8,True,Kinh doanh vs Giáo dục
TTR_8db8df05102c,VNE_3ceef096512c,0.0345,0.4093,keep_both,exact_content_sim=0.4093 < 0.8,True,Giải trí vs Kinh doanh
VNN_666980471957,VNN_b63dfb61c00e,0.1481,0.4085,keep_both,exact_content_sim=0.4085 < 0.8,False,
VNE_f72d2626bacd,VNN_9f61aef27a15,0.1071,0.4082,keep_both,exact_content_sim=0.4082 < 0.8,False,
TTR_3bb868a62dad,VNN_3be4d5e7a542,0.1071,0.4081,keep_both,exact_content_sim=0.4081 < 0.8,False,
TTR_66707b2c840b,VNN_b6e351105209,0.0,0.4081,keep_both,exact_content_sim=0.4081 < 0.8,True,Kinh doanh vs Khoa học công nghệ
TTR_a04c9e490345,VNN_100f64315458,0.0,0.4081,keep_both,exact_content_sim=0.4081 < 0.8,True,Giáo dục vs Khoa học công nghệ
TTR_eb1dae651cb8,VNN_9f61aef27a15,0.1154,0.408,keep_both,exact_content_sim=0.408 < 0.8,False,
TTR_34d5bb321283,VNE_c25e9809a733,0.0,0.4059,keep_both,exact_content_sim=0.4059 < 0.8,True,Sức khỏe vs Khoa học công nghệ
TTR_3bb868a62dad,TTR_b1687d46a047,0.0645,0.4046,keep_both,exact_content_sim=0.4046 < 0.8,False,
TTR_748d4beea5b0,VNN_11acb084a7ce,0.0,0.4039,keep_both,exact_content_sim=0.4039 < 0.8,False,
TTR_6f81b55f0c12,VNE_a677114ff81c,0.0606,0.4038,keep_both,exact_content_sim=0.4038 < 0.8,False,
TTR_82d8278869ff,TTR_8fc3069f067d,0.0,0.4037,keep_both,exact_content_sim=0.4037 < 0.8,True,Kinh doanh vs Giáo dục
TTR_2a909acaaa98,TTR_86ea48ad5ea5,0.1,0.4034,keep_both,exact_content_sim=0.4034 < 0.8,False,
VNN_55278d5bd42f,VNN_c9e0e9f1918d,0.5789,0.4033,keep_both,exact_content_sim=0.4033 < 0.8,False,
TTR_2feecbd83c23,TTR_5a69a1392206,0.2,0.4013,keep_both,exact_content_sim=0.4013 < 0.8,False,
TTR_34d5bb321283,TTR_514ed1ec9e9a,0.0303,0.4011,keep_both,exact_content_sim=0.4011 < 0.8,True,Sức khỏe vs Kinh doanh
TTR_38ec0e1f596b,TTR_5fb9f08d5e3d,0.16,0.4011,keep_both,exact_content_sim=0.4011 < 0.8,False,
TTR_5fb9f08d5e3d,TTR_7baaa96091fd,0.0645,0.3988,keep_both,exact_content_sim=0.3988 < 0.8,False,
VNN_86bbc7aa2423,VNN_9f61aef27a15,0.1034,0.3986,keep_both,exact_content_sim=0.3986 < 0.8,False,
VNN_764e6baedca9,VNN_efb5afd10e54,0.16,0.398,keep_both,exact_content_sim=0.398 < 0.8,False,
VNN_12569ddcb73e,VNN_d4bf21d5a738,0.0,0.3971,keep_both,exact_content_sim=0.3971 < 0.8,False,
TTR_5fb9f08d5e3d,VNN_af9c3b03dd5d,0.1923,0.3966,keep_both,exact_content_sim=0.3966 < 0.8,False,
TTR_4698121fd847,TTR_545bd81812ec,0.0312,0.3963,keep_both,exact_content_sim=0.3963 < 0.8,True,Pháp luật vs Kinh doanh
TTR_5fb9f08d5e3d,TTR_619782fb698f,0.1111,0.3961,keep_both,exact_content_sim=0.3961 < 0.8,False,
TTR_5fb9f08d5e3d,VNN_9f61aef27a15,0.1034,0.3959,keep_both,exact_content_sim=0.3959 < 0.8,False,
TTR_e0a6948f35d2,VNE_1448923c412b,0.0323,0.3946,keep_both,exact_content_sim=0.3946 < 0.8,False,
TTR_6004ecf44c2f,TTR_8eda0be22725,0.0333,0.3934,keep_both,exact_content_sim=0.3934 < 0.8,False,
TTR_0af9067c3501,TTR_319d0f7000be,0.0,0.3931,keep_both,exact_content_sim=0.3931 < 0.8,False,
VNE_78c864a24e38,VNN_a0d5125429a0,0.0833,0.3931,keep_both,exact_content_sim=0.3931 < 0.8,True,Kinh doanh vs Giáo dục
TTR_91bc0d583ece,VNN_8e00b4970caf,0.125,0.3929,keep_both,exact_content_sim=0.3929 < 0.8,True,Pháp luật vs Giải trí
TTR_8219b8ac789a,TTR_c2fc0b05c197,0.0,0.3927,keep_both,exact_content_sim=0.3927 < 0.8,False,
TTR_3bb868a62dad,TTR_eb1dae651cb8,0.0,0.3923,keep_both,exact_content_sim=0.3923 < 0.8,False,
TTR_876a223e6577,VNE_ad325c3649cc,0.0,0.3916,keep_both,exact_content_sim=0.3916 < 0.8,True,Sức khỏe vs Kinh doanh
TTR_7b84899af0a0,VNN_60ea9f34e464,0.069,0.3912,keep_both,exact_content_sim=0.3912 < 0.8,True,Kinh doanh vs Giáo dục
TTR_bbad9c8d162b,VNE_e860ec200c51,0.0,0.391,keep_both,exact_content_sim=0.391 < 0.8,True,Kinh doanh vs Giáo dục
TTR_eb1dae651cb8,VNN_3be4d5e7a542,0.0,0.3909,keep_both,exact_content_sim=0.3909 < 0.8,False,
TTR_2b4edf2eaf4a,TTR_82d8278869ff,0.0,0.3889,keep_both,exact_content_sim=0.3889 < 0.8,False,
TTR_d614849a092f,VNN_fc64590e9a0b,0.0,0.3883,keep_both,exact_content_sim=0.3883 < 0.8,True,Khoa học công nghệ vs Kinh doanh
TTR_b1687d46a047,VNN_9f61aef27a15,0.0938,0.3879,keep_both,exact_content_sim=0.3879 < 0.8,False,
TTR_514ed1ec9e9a,VNE_15708243437b,0.0,0.3878,keep_both,exact_content_sim=0.3878 < 0.8,False,
TTR_77afa28335ba,VNN_3be4d5e7a542,0.0,0.387,keep_both,exact_content_sim=0.387 < 0.8,False,
VNE_95cec61b7a2f,VNN_e05b02b87584,0.0,0.386,keep_both,exact_content_sim=0.386 < 0.8,False,
VNE_de291b0f4449,VNN_8e5aac1c81f4,0.1071,0.3852,keep_both,exact_content_sim=0.3852 < 0.8,False,
TTR_77afa28335ba,TTR_b1687d46a047,0.0,0.3849,keep_both,exact_content_sim=0.3849 < 0.8,False,
TTR_5fb9f08d5e3d,TTR_eb1dae651cb8,0.0357,0.3848,keep_both,exact_content_sim=0.3848 < 0.8,False,
VNN_3be4d5e7a542,VNN_86bbc7aa2423,0.0,0.3846,keep_both,exact_content_sim=0.3846 < 0.8,False,
TTR_069229aae94d,VNN_5fc8f4f630c0,0.0278,0.3837,keep_both,exact_content_sim=0.3837 < 0.8,False,
TTR_e122e54f54c4,VNE_86d29d31c9ef,0.1818,0.3836,keep_both,exact_content_sim=0.3836 < 0.8,False,
VNE_acd94d1e5510,VNE_e860ec200c51,0.05,0.3835,keep_both,exact_content_sim=0.3835 < 0.8,True,Kinh doanh vs Giáo dục
TTR_6f81b55f0c12,TTR_77afa28335ba,0.027,0.3824,keep_both,exact_content_sim=0.3824 < 0.8,True,Pháp luật vs Giáo dục
TTR_81232136ed5a,VNE_e8caac176852,0.0323,0.3819,keep_both,exact_content_sim=0.3819 < 0.8,True,Sức khỏe vs Khoa học công nghệ
TTR_0ab1d397fcf7,TTR_57889b7ceb3e,0.0882,0.3817,keep_both,exact_content_sim=0.3817 < 0.8,False,
TTR_beef682aed2b,TTR_e7d1fc8e711e,0.2381,0.3811,keep_both,exact_content_sim=0.3811 < 0.8,False,
TTR_51da48c27ba8,TTR_d615b320afba,0.2917,0.3796,keep_both,exact_content_sim=0.3796 < 0.8,False,
TTR_5fb9f08d5e3d,VNN_86bbc7aa2423,0.1034,0.3795,keep_both,exact_content_sim=0.3795 < 0.8,False,
VNN_4819490bc0f5,VNN_df1db26dec17,0.0,0.3795,keep_both,exact_content_sim=0.3795 < 0.8,False,
TTR_38ec0e1f596b,TTR_619782fb698f,0.1739,0.3793,keep_both,exact_content_sim=0.3793 < 0.8,False,
TTR_387e4d27cc02,TTR_9a6e2ce89729,0.0,0.3791,keep_both,exact_content_sim=0.3791 < 0.8,False,
VNE_4639976e7310,VNE_9d3916613b27,0.0455,0.3789,keep_both,exact_content_sim=0.3789 < 0.8,False,
VNE_db1e9ac2b764,VNE_e860ec200c51,0.0,0.3789,keep_both,exact_content_sim=0.3789 < 0.8,True,Khoa học công nghệ vs Giáo dục
TTR_619782fb698f,VNN_3be4d5e7a542,0.0,0.3784,keep_both,exact_content_sim=0.3784 < 0.8,False,
TTR_90f5e1be9ba8,VNN_ead3bf32c0ec,0.1429,0.3775,keep_both,exact_content_sim=0.3775 < 0.8,True,Kinh doanh vs Khoa học công nghệ
TTR_5ddee072e607,TTR_7d8e6ee70e59,0.0294,0.3773,keep_both,exact_content_sim=0.3773 < 0.8,False,
TTR_3bb868a62dad,TTR_5fb9f08d5e3d,0.1111,0.3772,keep_both,exact_content_sim=0.3772 < 0.8,False,
VNN_747edf62d254,VNN_a3109466c642,0.037,0.3771,keep_both,exact_content_sim=0.3771 < 0.8,True,Sức khỏe vs Kinh doanh
TTR_5fb9f08d5e3d,TTR_6f81b55f0c12,0.0588,0.3768,keep_both,exact_content_sim=0.3768 < 0.8,True,Giáo dục vs Pháp luật
VNE_4e2f8ce97b2b,VNE_7c3f5307f6bf,0.25,0.3767,keep_both,exact_content_sim=0.3767 < 0.8,False,
TTR_071c0a680af4,TTR_e5c5e1a4b4c8,0.0333,0.3765,keep_both,exact_content_sim=0.3765 < 0.8,False,
TTR_619782fb698f,VNN_9f61aef27a15,0.1111,0.3764,keep_both,exact_content_sim=0.3764 < 0.8,False,
TTR_c2c30054093e,VNE_4504fe331c43,0.0714,0.3764,keep_both,exact_content_sim=0.3764 < 0.8,False,
VNE_65b855c418e7,VNE_ad325c3649cc,0.0,0.3764,keep_both,exact_content_sim=0.3764 < 0.8,True,Giáo dục vs Kinh doanh
VNN_91b08ec4ef8d,VNN_f59f2d3aa213,0.1667,0.3754,keep_both,exact_content_sim=0.3754 < 0.8,False,
TTR_7ef599938a93,VNE_d1ae4d246855,0.0,0.3753,keep_both,exact_content_sim=0.3753 < 0.8,False,
VNN_1428964fa9f4,VNN_588e82d6ac3c,0.0,0.3752,keep_both,exact_content_sim=0.3752 < 0.8,True,Giải trí vs Khoa học công nghệ
VNN_6bd7ba55844b,VNN_efca51eabb0c,0.0,0.3744,keep_both,exact_content_sim=0.3744 < 0.8,False,
TTR_35b20e5a78e2,VNE_1b304b60e1ad,0.0,0.374,keep_both,exact_content_sim=0.374 < 0.8,True,Kinh doanh vs Khoa học công nghệ
TTR_876a223e6577,VNE_65b855c418e7,0.0,0.3737,keep_both,exact_content_sim=0.3737 < 0.8,True,Sức khỏe vs Giáo dục
VNE_0cb270386ca6,VNE_8c753f6d63d1,0.08,0.3736,keep_both,exact_content_sim=0.3736 < 0.8,False,
VNE_5a2693ef524a,VNE_ea7ed2e6297c,0.0,0.3736,keep_both,exact_content_sim=0.3736 < 0.8,False,
TTR_5fb9f08d5e3d,VNE_f72d2626bacd,0.1071,0.3732,keep_both,exact_content_sim=0.3732 < 0.8,False,
TTR_056b1c42a223,TTR_460d981e5d0d,0.1379,0.3731,keep_both,exact_content_sim=0.3731 < 0.8,False,
VNE_e860ec200c51,VNN_404c667e9674,0.0,0.373,keep_both,exact_content_sim=0.373 < 0.8,True,Giáo dục vs Kinh doanh
TTR_77afa28335ba,VNN_86acc2ae65b5,0.0294,0.3721,keep_both,exact_content_sim=0.3721 < 0.8,True,Giáo dục vs Kinh doanh
VNN_7e0859a0a1df,VNN_e923784ef285,0.0323,0.372,keep_both,exact_content_sim=0.372 < 0.8,False,
VNE_66a64cd940e4,VNE_8a65ea7ea0d6,0.2143,0.3718,keep_both,exact_content_sim=0.3718 < 0.8,False,
TTR_38ec0e1f596b,TTR_6f81b55f0c12,0.0,0.3715,keep_both,exact_content_sim=0.3715 < 0.8,True,Giáo dục vs Pháp luật
TTR_50de4197e139,TTR_8fc3069f067d,0.0,0.3709,keep_both,exact_content_sim=0.3709 < 0.8,True,Giải trí vs Giáo dục
VNE_a58ae2396e6e,VNN_d0c074292c96,0.0294,0.3709,keep_both,exact_content_sim=0.3709 < 0.8,False,
TTR_5635b661ac40,TTR_89087aef868a,0.1429,0.3708,keep_both,exact_content_sim=0.3708 < 0.8,False,
TTR_38ec0e1f596b,TTR_7baaa96091fd,0.0345,0.3706,keep_both,exact_content_sim=0.3706 < 0.8,False,
VNE_e860ec200c51,VNN_d9ae9fd9f24f,0.0,0.3704,keep_both,exact_content_sim=0.3704 < 0.8,True,Giáo dục vs Kinh doanh
VNE_261dbcd605a1,VNE_ad325c3649cc,0.0,0.3703,keep_both,exact_content_sim=0.3703 < 0.8,True,Sức khỏe vs Kinh doanh
TTR_3bb868a62dad,VNN_af9c3b03dd5d,0.1154,0.3697,keep_both,exact_content_sim=0.3697 < 0.8,False,
TTR_3f8c64b35eee,VNE_7aee1ede0e6c,0.0417,0.3697,keep_both,exact_content_sim=0.3697 < 0.8,False,
TTR_3cc086317ec9,VNN_88e5f8ec0c84,0.0938,0.3695,keep_both,exact_content_sim=0.3695 < 0.8,False,
VNE_440bf4fc3f3d,VNE_bd9072d02377,0.3,0.3693,keep_both,exact_content_sim=0.3693 < 0.8,False,
VNE_a677114ff81c,VNN_3be4d5e7a542,0.0,0.3691,keep_both,exact_content_sim=0.3691 < 0.8,True,Pháp luật vs Giáo dục
VNE_e8caac176852,VNN_32ce8556d788,0.0,0.3689,keep_both,exact_content_sim=0.3689 < 0.8,False,
TTR_40cc0f4ac2ee,TTR_591d92f39443,0.0,0.3688,keep_both,exact_content_sim=0.3688 < 0.8,True,Kinh doanh vs Giáo dục
TTR_996e138c8bb0,VNN_efd0761d85c8,0.0741,0.3676,keep_both,exact_content_sim=0.3676 < 0.8,True,Giáo dục vs Khoa học công nghệ
TTR_7ec371c4dfc9,VNE_4504fe331c43,0.0,0.3675,keep_both,exact_content_sim=0.3675 < 0.8,True,Kinh doanh vs Khoa học công nghệ
TTR_66707b2c840b,TTR_6a98f547494f,0.0,0.3674,keep_both,exact_content_sim=0.3674 < 0.8,False,
TTR_6f81b55f0c12,VNN_3be4d5e7a542,0.0,0.3666,keep_both,exact_content_sim=0.3666 < 0.8,True,Pháp luật vs Giáo dục
TTR_3bb868a62dad,VNN_86acc2ae65b5,0.0,0.3664,keep_both,exact_content_sim=0.3664 < 0.8,True,Giáo dục vs Kinh doanh
TTR_38ec0e1f596b,TTR_3bb868a62dad,0.125,0.3661,keep_both,exact_content_sim=0.3661 < 0.8,False,
TTR_b1687d46a047,TTR_eb1dae651cb8,0.0,0.3659,keep_both,exact_content_sim=0.3659 < 0.8,False,
TTR_b577cb0043d3,VNN_0d6816004015,0.0303,0.3654,keep_both,exact_content_sim=0.3654 < 0.8,False,
TTR_1f9c89c667cf,VNN_a19eb4d68a05,0.0,0.365,keep_both,exact_content_sim=0.365 < 0.8,True,Sức khỏe vs Kinh doanh
VNN_9f61aef27a15,VNN_af9c3b03dd5d,0.1071,0.365,keep_both,exact_content_sim=0.365 < 0.8,False,
TTR_4f900060f2e1,TTR_996e138c8bb0,0.0357,0.3648,keep_both,exact_content_sim=0.3648 < 0.8,True,Kinh doanh vs Giáo dục
TTR_846d1d97511b,VNE_4f06ce68c468,0.0,0.3644,keep_both,exact_content_sim=0.3644 < 0.8,False,
TTR_a291c907d693,VNN_5eb4ca3a0375,0.0882,0.3644,keep_both,exact_content_sim=0.3644 < 0.8,True,Pháp luật vs Kinh doanh
TTR_21554c0a9137,TTR_3cc086317ec9,0.0833,0.3642,keep_both,exact_content_sim=0.3642 < 0.8,False,
TTR_5568c7ebb0f7,VNN_6bd7ba55844b,0.0606,0.3641,keep_both,exact_content_sim=0.3641 < 0.8,False,
TTR_eb1dae651cb8,VNN_fe6477a95492,0.0,0.3641,keep_both,exact_content_sim=0.3641 < 0.8,False,
TTR_5fb9f08d5e3d,VNN_3be4d5e7a542,0.0,0.364,keep_both,exact_content_sim=0.364 < 0.8,False,
TTR_619782fb698f,VNE_f72d2626bacd,0.16,0.3638,keep_both,exact_content_sim=0.3638 < 0.8,False,
TTR_77210301e3e0,TTR_788ce11d3133,0.0,0.3635,keep_both,exact_content_sim=0.3635 < 0.8,False,
TTR_21c3448333be,TTR_c1b7be36a64d,0.4231,0.3634,keep_both,exact_content_sim=0.3634 < 0.8,False,
VNN_404c667e9674,VNN_d9ae9fd9f24f,0.0,0.3632,keep_both,exact_content_sim=0.3632 < 0.8,False,
TTR_7baaa96091fd,VNN_9f61aef27a15,0.0,0.363,keep_both,exact_content_sim=0.363 < 0.8,False,
VNE_06be696bedba,VNE_e141ef3a7220,0.0,0.3629,keep_both,exact_content_sim=0.3629 < 0.8,False,
VNE_15708243437b,VNE_c25e9809a733,0.0,0.3627,keep_both,exact_content_sim=0.3627 < 0.8,True,Kinh doanh vs Khoa học công nghệ
TTR_a38d803e880f,VNN_03e143a9595b,0.0,0.3623,keep_both,exact_content_sim=0.3623 < 0.8,False,
TTR_989adb33a6bc,VNN_a3109466c642,0.037,0.3618,keep_both,exact_content_sim=0.3618 < 0.8,True,Giáo dục vs Kinh doanh
VNE_305947e6c182,VNE_cf2d76350bb0,0.12,0.3616,keep_both,exact_content_sim=0.3616 < 0.8,False,
TTR_ee601d4f83ca,VNE_4504fe331c43,0.0,0.3614,keep_both,exact_content_sim=0.3614 < 0.8,True,Kinh doanh vs Khoa học công nghệ
TTR_514ed1ec9e9a,TTR_5951c287a02b,0.0385,0.3611,keep_both,exact_content_sim=0.3611 < 0.8,True,Kinh doanh vs Giáo dục
TTR_89bcb52d2973,VNE_674b2ebbd27e,0.08,0.3604,keep_both,exact_content_sim=0.3604 < 0.8,False,
TTR_989adb33a6bc,VNN_747edf62d254,0.0,0.36,keep_both,exact_content_sim=0.36 < 0.8,True,Giáo dục vs Sức khỏe
VNN_3be4d5e7a542,VNN_af9c3b03dd5d,0.0,0.36,keep_both,exact_content_sim=0.36 < 0.8,False,
TTR_2b4edf2eaf4a,TTR_8fc3069f067d,0.0476,0.3596,keep_both,exact_content_sim=0.3596 < 0.8,True,Kinh doanh vs Giáo dục
VNE_a4a46052a4f2,VNE_df4e4bf0a976,0.0714,0.3596,keep_both,exact_content_sim=0.3596 < 0.8,False,
VNE_7ff5fead27cb,VNN_b1f2569b0783,0.0,0.3595,keep_both,exact_content_sim=0.3595 < 0.8,True,Kinh doanh vs Khoa học công nghệ
TTR_9868b9a1f8d3,TTR_ded7e2ae9f06,0.0312,0.3593,keep_both,exact_content_sim=0.3593 < 0.8,True,Giáo dục vs Kinh doanh
TTR_42e6f53c5b4d,VNN_4801e71c5bd1,0.1154,0.3591,keep_both,exact_content_sim=0.3591 < 0.8,False,
TTR_7ec371c4dfc9,VNN_b3b98c9f44ba,0.0,0.3589,keep_both,exact_content_sim=0.3589 < 0.8,False,
TTR_abf375384d19,TTR_ee45f6d4f32b,0.0938,0.3589,keep_both,exact_content_sim=0.3589 < 0.8,False,
TTR_bbad9c8d162b,VNN_404c667e9674,0.0,0.3589,keep_both,exact_content_sim=0.3589 < 0.8,False,
TTR_7b853a3d6cb2,VNN_a88a2b80c21f,0.0357,0.3584,keep_both,exact_content_sim=0.3584 < 0.8,False,
TTR_915cb8af3aeb,VNN_f0e96fd8d823,0.1,0.3584,keep_both,exact_content_sim=0.3584 < 0.8,False,
VNE_db1e9ac2b764,VNN_b046b3c382de,0.0,0.3577,keep_both,exact_content_sim=0.3577 < 0.8,True,Khoa học công nghệ vs Kinh doanh
TTR_ac5b82b1ecfd,VNN_3be184b077d6,0.0571,0.3576,keep_both,exact_content_sim=0.3576 < 0.8,False,
VNE_e860ec200c51,VNN_1d06fd48eb90,0.0,0.3574,keep_both,exact_content_sim=0.3574 < 0.8,True,Giáo dục vs Kinh doanh
TTR_5fb9f08d5e3d,TTR_b1687d46a047,0.0,0.357,keep_both,exact_content_sim=0.357 < 0.8,False,
TTR_bbad9c8d162b,VNN_b046b3c382de,0.0,0.357,keep_both,exact_content_sim=0.357 < 0.8,False,
TTR_c71298869fc8,VNE_a64e032208eb,0.037,0.3569,keep_both,exact_content_sim=0.3569 < 0.8,True,Giáo dục vs Kinh doanh
TTR_bbad9c8d162b,VNN_d9ae9fd9f24f,0.0,0.3566,keep_both,exact_content_sim=0.3566 < 0.8,False,
VNE_68ff5b68afb6,VNE_b96dae72dc02,0.1333,0.3565,keep_both,exact_content_sim=0.3565 < 0.8,False,
VNE_a58ae2396e6e,VNN_f2b13e6c2ad2,0.0,0.3565,keep_both,exact_content_sim=0.3565 < 0.8,False,
VNE_acd94d1e5510,VNN_404c667e9674,0.0,0.3565,keep_both,exact_content_sim=0.3565 < 0.8,False,
TTR_1ee2eb27ee90,TTR_877dc46d67a7,0.05,0.3562,keep_both,exact_content_sim=0.3562 < 0.8,True,Giáo dục vs Giải trí
TTR_38ec0e1f596b,VNN_af9c3b03dd5d,0.1667,0.3558,keep_both,exact_content_sim=0.3558 < 0.8,False,
VNE_8b12f1c9df49,VNN_100f64315458,0.0385,0.3557,keep_both,exact_content_sim=0.3557 < 0.8,True,Kinh doanh vs Khoa học công nghệ
TTR_3cc96427bf78,TTR_ded7e2ae9f06,0.0303,0.3556,keep_both,exact_content_sim=0.3556 < 0.8,True,Pháp luật vs Kinh doanh
VNE_4b9a80bff531,VNE_ad325c3649cc,0.0,0.3556,keep_both,exact_content_sim=0.3556 < 0.8,False,
VNE_95cec61b7a2f,VNN_72e7602be3a8,0.0312,0.3556,keep_both,exact_content_sim=0.3556 < 0.8,True,Kinh doanh vs Giáo dục
VNE_acd94d1e5510,VNE_db1e9ac2b764,0.0,0.3556,keep_both,exact_content_sim=0.3556 < 0.8,True,Kinh doanh vs Khoa học công nghệ
TTR_3bb868a62dad,TTR_7baaa96091fd,0.0,0.3554,keep_both,exact_content_sim=0.3554 < 0.8,False,
TTR_15a199f739f3,VNE_fd44e8e55181,0.2308,0.3548,keep_both,exact_content_sim=0.3548 < 0.8,False,
TTR_6f81b55f0c12,TTR_7baaa96091fd,0.0278,0.3548,keep_both,exact_content_sim=0.3548 < 0.8,True,Pháp luật vs Giáo dục
TTR_9ffda3f95a77,TTR_c37d343a2c9c,0.35,0.3547,keep_both,exact_content_sim=0.3547 < 0.8,False,
TTR_f8987e9c98af,VNN_5f0c528c3fcc,0.0667,0.3546,keep_both,exact_content_sim=0.3546 < 0.8,False,
VNE_4739239d5927,VNN_d628552928c4,0.125,0.3545,keep_both,exact_content_sim=0.3545 < 0.8,True,Kinh doanh vs Giáo dục
VNN_4a334d99ab18,VNN_84223413728b,0.0,0.3545,keep_both,exact_content_sim=0.3545 < 0.8,True,Kinh doanh vs Sức khỏe
TTR_363bc0b44db6,TTR_4bbed5454db7,0.0,0.3543,keep_both,exact_content_sim=0.3543 < 0.8,True,Pháp luật vs Kinh doanh
TTR_5fb9f08d5e3d,TTR_77afa28335ba,0.0,0.3543,keep_both,exact_content_sim=0.3543 < 0.8,False,
TTR_9231d8db21bf,TTR_c59225da9058,0.0,0.3543,keep_both,exact_content_sim=0.3543 < 0.8,False,
TTR_9214bc67b7e3,VNN_e926942a790c,0.0,0.3542,keep_both,exact_content_sim=0.3542 < 0.8,False,
TTR_12ef8cc529dd,TTR_4698121fd847,0.0,0.3541,keep_both,exact_content_sim=0.3541 < 0.8,True,Giáo dục vs Pháp luật
TTR_5951c287a02b,VNE_c25e9809a733,0.0417,0.3541,keep_both,exact_content_sim=0.3541 < 0.8,True,Giáo dục vs Khoa học công nghệ
TTR_9a3215cfcbc3,VNN_5efd358813da,0.0,0.3541,keep_both,exact_content_sim=0.3541 < 0.8,False,
TTR_7b853a3d6cb2,VNE_3bf466342265,0.0385,0.3539,keep_both,exact_content_sim=0.3539 < 0.8,False,
TTR_5951c287a02b,VNE_3214764f93fc,0.0,0.3535,keep_both,exact_content_sim=0.3535 < 0.8,False,
TTR_7baaa96091fd,VNE_f72d2626bacd,0.0,0.3532,keep_both,exact_content_sim=0.3532 < 0.8,False,
VNE_5a32c9b11489,VNE_b806a2295081,0.1176,0.3532,keep_both,exact_content_sim=0.3532 < 0.8,False,
TTR_9818387742d7,TTR_e5c5e1a4b4c8,0.1304,0.3528,keep_both,exact_content_sim=0.3528 < 0.8,True,Khoa học công nghệ vs Kinh doanh
VNE_7240006ed3ab,VNN_1428964fa9f4,0.1481,0.3528,keep_both,exact_content_sim=0.3528 < 0.8,True,Sức khỏe vs Giải trí
VNE_819ac8c7eeb5,VNN_de6eab30712a,0.0,0.3527,keep_both,exact_content_sim=0.3527 < 0.8,True,Khoa học công nghệ vs Kinh doanh
VNE_db1e9ac2b764,VNN_d9ae9fd9f24f,0.0,0.3526,keep_both,exact_content_sim=0.3526 < 0.8,True,Khoa học công nghệ vs Kinh doanh
TTR_3bb868a62dad,VNN_fe6477a95492,0.0,0.3525,keep_both,exact_content_sim=0.3525 < 0.8,False,
TTR_a785f7b60854,TTR_dfaeca272e60,0.0,0.3522,keep_both,exact_content_sim=0.3522 < 0.8,False,
TTR_38ec0e1f596b,VNN_86bbc7aa2423,0.16,0.3521,keep_both,exact_content_sim=0.3521 < 0.8,False,
TTR_38ec0e1f596b,VNN_9f61aef27a15,0.16,0.3516,keep_both,exact_content_sim=0.3516 < 0.8,False,
VNE_a677114ff81c,VNN_fe6477a95492,0.0,0.3515,keep_both,exact_content_sim=0.3515 < 0.8,True,Pháp luật vs Giáo dục
TTR_6f81b55f0c12,VNN_86acc2ae65b5,0.0882,0.3514,keep_both,exact_content_sim=0.3514 < 0.8,True,Pháp luật vs Kinh doanh
TTR_b67e531388ab,VNN_aae86a0515fe,0.0286,0.3514,keep_both,exact_content_sim=0.3514 < 0.8,True,Kinh doanh vs Giáo dục
VNE_db1e9ac2b764,VNN_404c667e9674,0.069,0.3514,keep_both,exact_content_sim=0.3514 < 0.8,True,Khoa học công nghệ vs Kinh doanh
TTR_858119f08e84,TTR_d271fa88e0e9,0.0,0.3512,keep_both,exact_content_sim=0.3512 < 0.8,False,
VNN_3be4d5e7a542,VNN_86acc2ae65b5,0.0,0.351,keep_both,exact_content_sim=0.351 < 0.8,True,Giáo dục vs Kinh doanh
TTR_619782fb698f,TTR_6f81b55f0c12,0.0,0.3509,keep_both,exact_content_sim=0.3509 < 0.8,True,Giáo dục vs Pháp luật
TTR_2c19cd229378,VNN_583afb87bcff,0.0,0.3507,keep_both,exact_content_sim=0.3507 < 0.8,False,
TTR_7abcc7714699,VNE_56e0bf7f9894,0.4,0.3505,keep_both,exact_content_sim=0.3505 < 0.8,False,
TTR_6cac8a15e794,TTR_858119f08e84,0.0,0.3503,keep_both,exact_content_sim=0.3503 < 0.8,True,Kinh doanh vs Giáo dục
TTR_114f1aaa81fb,TTR_a17138d327a3,0.0,0.3502,keep_both,exact_content_sim=0.3502 < 0.8,False,
VNE_21c4b552f645,VNE_e8caac176852,0.0952,0.3502,keep_both,exact_content_sim=0.3502 < 0.8,True,Kinh doanh vs Khoa học công nghệ
VNE_f72d2626bacd,VNN_86bbc7aa2423,0.1481,0.3502,keep_both,exact_content_sim=0.3502 < 0.8,False,
TTR_3cc96427bf78,TTR_ac3996008bdf,0.0,0.3501,keep_both,exact_content_sim=0.3501 < 0.8,True,Pháp luật vs Kinh doanh
TTR_38ec0e1f596b,TTR_77afa28335ba,0.0,0.3499,keep_both,exact_content_sim=0.3499 < 0.8,False,
TTR_16e2580828ae,VNN_69ceae05dfbe,0.0,0.3494,keep_both,exact_content_sim=0.3494 < 0.8,True,Kinh doanh vs Sức khỏe
TTR_38ec0e1f596b,TTR_eb1dae651cb8,0.0,0.3494,keep_both,exact_content_sim=0.3494 < 0.8,False,
TTR_5f19174b83f9,VNE_81e9c0f3082d,0.1667,0.3494,keep_both,exact_content_sim=0.3494 < 0.8,False,
VNE_eb37ad58b2cd,VNN_4c3fcebebae1,0.1429,0.3493,keep_both,exact_content_sim=0.3493 < 0.8,False,
TTR_ee45f6d4f32b,VNN_1428964fa9f4,0.0,0.3492,keep_both,exact_content_sim=0.3492 < 0.8,True,Kinh doanh vs Giải trí
VNE_e8caac176852,VNN_9d64a11a2a99,0.0,0.349,keep_both,exact_content_sim=0.349 < 0.8,True,Khoa học công nghệ vs Kinh doanh
VNN_1dc86a749274,VNN_94a3124cf5d1,0.0294,0.349,keep_both,exact_content_sim=0.349 < 0.8,False,
VNN_a19eb4d68a05,VNN_ead3bf32c0ec,0.0,0.3488,keep_both,exact_content_sim=0.3488 < 0.8,True,Kinh doanh vs Khoa học công nghệ
VNN_120aecacf956,VNN_2c505621d15f,0.0312,0.3486,keep_both,exact_content_sim=0.3486 < 0.8,False,
TTR_79847618f4ac,VNN_d55e304bd1a2,0.087,0.3485,keep_both,exact_content_sim=0.3485 < 0.8,False,
VNE_e3359f9c178e,VNN_6dc9fb2b1583,0.0435,0.3485,keep_both,exact_content_sim=0.3485 < 0.8,True,Giải trí vs Kinh doanh
TTR_069229aae94d,VNN_cdf7e7a51333,0.0,0.3484,keep_both,exact_content_sim=0.3484 < 0.8,False,
TTR_1f9c89c667cf,TTR_e64d5e44d011,0.05,0.3483,keep_both,exact_content_sim=0.3483 < 0.8,False,
TTR_6004ecf44c2f,VNN_b6e351105209,0.0,0.3482,keep_both,exact_content_sim=0.3482 < 0.8,True,Giáo dục vs Khoa học công nghệ
TTR_3bb868a62dad,TTR_77afa28335ba,0.0,0.3477,keep_both,exact_content_sim=0.3477 < 0.8,False,
VNN_747edf62d254,VNN_ae85d68b64a2,0.12,0.3469,keep_both,exact_content_sim=0.3469 < 0.8,False,
TTR_514ed1ec9e9a,TTR_a04d5da7c315,0.0,0.3464,keep_both,exact_content_sim=0.3464 < 0.8,False,
TTR_996e138c8bb0,VNE_a324329f6106,0.0,0.3463,keep_both,exact_content_sim=0.3463 < 0.8,True,Giáo dục vs Pháp luật
TTR_9691c3731ef9,VNN_3c88e434f8a0,0.0345,0.3461,keep_both,exact_content_sim=0.3461 < 0.8,False,
VNN_86bbc7aa2423,VNN_af9c3b03dd5d,0.1923,0.3461,keep_both,exact_content_sim=0.3461 < 0.8,False,
VNN_404c667e9674,VNN_b046b3c382de,0.0,0.3459,keep_both,exact_content_sim=0.3459 < 0.8,False,
VNE_f819845ab5f5,VNN_08487a896692,0.0303,0.3458,keep_both,exact_content_sim=0.3458 < 0.8,False,
TTR_114f1aaa81fb,VNE_c2685151bf3e,0.0,0.3457,keep_both,exact_content_sim=0.3457 < 0.8,True,Giáo dục vs Khoa học công nghệ
VNN_1d06fd48eb90,VNN_d9ae9fd9f24f,0.0,0.3454,keep_both,exact_content_sim=0.3454 < 0.8,False,
TTR_34d5bb321283,TTR_5951c287a02b,0.0571,0.345,keep_both,exact_content_sim=0.345 < 0.8,True,Sức khỏe vs Giáo dục
TTR_2311d958e85d,VNE_63894a36931c,0.0,0.3448,keep_both,exact_content_sim=0.3448 < 0.8,False,
VNE_7240006ed3ab,VNN_588e82d6ac3c,0.0,0.3447,keep_both,exact_content_sim=0.3447 < 0.8,True,Sức khỏe vs Khoa học công nghệ
VNE_99d535220c07,VNN_78b9dca1931c,0.0333,0.3446,keep_both,exact_content_sim=0.3446 < 0.8,True,Kinh doanh vs Giáo dục
TTR_6f81b55f0c12,VNN_9f61aef27a15,0.0286,0.3438,keep_both,exact_content_sim=0.3438 < 0.8,True,Pháp luật vs Giáo dục
TTR_7a71d607b791,VNE_99d535220c07,0.0,0.3438,keep_both,exact_content_sim=0.3438 < 0.8,False,
TTR_363bc0b44db6,TTR_e0de8696e316,0.0,0.3437,keep_both,exact_content_sim=0.3437 < 0.8,True,Pháp luật vs Kinh doanh
TTR_619782fb698f,TTR_77afa28335ba,0.0667,0.3435,keep_both,exact_content_sim=0.3435 < 0.8,False,
TTR_36950c2b0f4c,VNN_fe7a001c5c0a,0.0,0.3434,keep_both,exact_content_sim=0.3434 < 0.8,True,Sức khỏe vs Khoa học công nghệ
TTR_2f540c318b1c,VNN_b046b3c382de,0.0,0.3433,keep_both,exact_content_sim=0.3433 < 0.8,False,
TTR_38ec0e1f596b,VNE_f72d2626bacd,0.12,0.3431,keep_both,exact_content_sim=0.3431 < 0.8,False,
TTR_e5c5e1a4b4c8,VNE_627ce3f09f26,0.0,0.343,keep_both,exact_content_sim=0.343 < 0.8,True,Kinh doanh vs Khoa học công nghệ
TTR_6310ee835f07,VNE_b220cdb8d47d,0.0294,0.3429,keep_both,exact_content_sim=0.3429 < 0.8,True,Sức khỏe vs Pháp luật
TTR_bbad9c8d162b,VNE_acd94d1e5510,0.0,0.3428,keep_both,exact_content_sim=0.3428 < 0.8,False,
TTR_a04d5da7c315,VNE_c25e9809a733,0.0,0.3426,keep_both,exact_content_sim=0.3426 < 0.8,True,Kinh doanh vs Khoa học công nghệ
TTR_0c3ad20048f5,TTR_996e138c8bb0,0.0,0.3425,keep_both,exact_content_sim=0.3425 < 0.8,True,Sức khỏe vs Giáo dục
TTR_5f7aad9c6ff4,TTR_d1a650b7fbf7,0.0,0.3425,keep_both,exact_content_sim=0.3425 < 0.8,True,Pháp luật vs Kinh doanh
TTR_4d6cc5e3da2e,VNE_99d535220c07,0.0833,0.3424,keep_both,exact_content_sim=0.3424 < 0.8,True,Sức khỏe vs Kinh doanh
TTR_33e793a54546,VNN_a3109466c642,0.0385,0.3423,keep_both,exact_content_sim=0.3423 < 0.8,True,Khoa học công nghệ vs Kinh doanh
TTR_5951c287a02b,TTR_935bbab9c7cb,0.0278,0.3421,keep_both,exact_content_sim=0.3421 < 0.8,True,Giáo dục vs Sức khỏe
TTR_4d1174dee020,TTR_5f7aad9c6ff4,0.0303,0.3419,keep_both,exact_content_sim=0.3419 < 0.8,False,
TTR_eb1dae651cb8,VNE_a677114ff81c,0.037,0.3419,keep_both,exact_content_sim=0.3419 < 0.8,True,Giáo dục vs Pháp luật
TTR_1f9c89c667cf,TTR_eeae5cc742fc,0.0571,0.3417,keep_both,exact_content_sim=0.3417 < 0.8,True,Sức khỏe vs Giáo dục
TTR_5951c287a02b,VNE_15708243437b,0.0,0.3417,keep_both,exact_content_sim=0.3417 < 0.8,True,Giáo dục vs Kinh doanh
TTR_6f81b55f0c12,TTR_eb1dae651cb8,0.0312,0.3417,keep_both,exact_content_sim=0.3417 < 0.8,True,Pháp luật vs Giáo dục
TTR_a38debe827e3,VNE_5fb0a223feb7,0.0,0.3415,keep_both,exact_content_sim=0.3415 < 0.8,True,Sức khỏe vs Kinh doanh
TTR_04e1b1c65d91,TTR_365d4150b6e7,0.069,0.3412,keep_both,exact_content_sim=0.3412 < 0.8,False,
TTR_4533fbea7744,VNN_a19eb4d68a05,0.0263,0.3412,keep_both,exact_content_sim=0.3412 < 0.8,False,
TTR_813006390500,TTR_a072cf12d0e4,0.0323,0.3409,keep_both,exact_content_sim=0.3409 < 0.8,False,
VNN_1d06fd48eb90,VNN_404c667e9674,0.0645,0.3408,keep_both,exact_content_sim=0.3408 < 0.8,False,
TTR_36950c2b0f4c,TTR_72b8457a8244,0.0,0.3407,keep_both,exact_content_sim=0.3407 < 0.8,False,
TTR_3bb868a62dad,VNN_86bbc7aa2423,0.1111,0.3407,keep_both,exact_content_sim=0.3407 < 0.8,False,
TTR_697f9809de23,VNN_73e438ad5a35,0.1304,0.3407,keep_both,exact_content_sim=0.3407 < 0.8,False,
VNE_ffaf099a7d9d,VNN_7e379a8f33e0,0.0417,0.3405,keep_both,exact_content_sim=0.3405 < 0.8,False,
TTR_90f5e1be9ba8,VNE_b012074a9921,0.0435,0.3403,keep_both,exact_content_sim=0.3403 < 0.8,False,
TTR_47cb765a4d49,VNE_e0aaaa78202b,0.0,0.3401,keep_both,exact_content_sim=0.3401 < 0.8,True,Giải trí vs Kinh doanh
VNN_a3109466c642,VNN_ae85d68b64a2,0.0,0.3398,keep_both,exact_content_sim=0.3398 < 0.8,True,Kinh doanh vs Sức khỏe
TTR_7349e869411f,VNE_265e72b5f7bf,0.0,0.3396,keep_both,exact_content_sim=0.3396 < 0.8,False,
VNE_1b00c5e09ed8,VNN_1428964fa9f4,0.0,0.3394,keep_both,exact_content_sim=0.3394 < 0.8,True,Thể thao vs Giải trí
TTR_77afa28335ba,VNN_9f61aef27a15,0.0,0.3392,keep_both,exact_content_sim=0.3392 < 0.8,False,
VNE_73fddc5dd732,VNN_747edf62d254,0.0,0.3392,keep_both,exact_content_sim=0.3392 < 0.8,False,
TTR_73ec6f2df88b,VNN_00d6822d8714,0.0286,0.3391,keep_both,exact_content_sim=0.3391 < 0.8,False,
VNN_03c254e95d03,VNN_7d2aa9fc1b95,0.0278,0.3391,keep_both,exact_content_sim=0.3391 < 0.8,False,
TTR_bbad9c8d162b,VNE_db1e9ac2b764,0.0,0.339,keep_both,exact_content_sim=0.339 < 0.8,True,Kinh doanh vs Khoa học công nghệ
TTR_35b20e5a78e2,VNE_cd6f9c48616c,0.1481,0.3389,keep_both,exact_content_sim=0.3389 < 0.8,False,
TTR_c78ac46eaaa8,VNE_b77e30803cf8,0.0909,0.3389,keep_both,exact_content_sim=0.3389 < 0.8,False,
TTR_e012f6b01ad9,VNE_4504fe331c43,0.0303,0.3389,keep_both,exact_content_sim=0.3389 < 0.8,True,Kinh doanh vs Khoa học công nghệ
TTR_5fb9f08d5e3d,VNE_a677114ff81c,0.0,0.3387,keep_both,exact_content_sim=0.3387 < 0.8,True,Giáo dục vs Pháp luật
TTR_34d5bb321283,TTR_a04d5da7c315,0.0571,0.3386,keep_both,exact_content_sim=0.3386 < 0.8,True,Sức khỏe vs Kinh doanh
TTR_e64d5e44d011,TTR_eeae5cc742fc,0.0,0.3386,keep_both,exact_content_sim=0.3386 < 0.8,True,Sức khỏe vs Giáo dục
TTR_444f5d77b957,TTR_6004ecf44c2f,0.1,0.3384,keep_both,exact_content_sim=0.3384 < 0.8,False,
TTR_0edd6e428b09,VNE_ff35661eb6cb,0.0,0.3383,keep_both,exact_content_sim=0.3383 < 0.8,False,
TTR_414a14a718fc,TTR_dd96dad71184,0.0,0.3383,keep_both,exact_content_sim=0.3383 < 0.8,False,
VNE_ad325c3649cc,VNN_16767bf452c1,0.0,0.3383,keep_both,exact_content_sim=0.3383 < 0.8,True,Kinh doanh vs Giáo dục
VNE_f72d2626bacd,VNN_af9c3b03dd5d,0.1111,0.3382,keep_both,exact_content_sim=0.3382 < 0.8,False,
TTR_8f54f1860b27,TTR_c5df2121e0cd,0.0,0.3381,keep_both,exact_content_sim=0.3381 < 0.8,True,Giáo dục vs Kinh doanh
TTR_564b3f3ce4a1,VNN_1428964fa9f4,0.0294,0.338,keep_both,exact_content_sim=0.338 < 0.8,True,Pháp luật vs Giải trí
VNE_a677114ff81c,VNN_86acc2ae65b5,0.0667,0.338,keep_both,exact_content_sim=0.338 < 0.8,True,Pháp luật vs Kinh doanh
VNN_9f61aef27a15,VNN_fe6477a95492,0.0303,0.338,keep_both,exact_content_sim=0.338 < 0.8,False,
TTR_78c496edc399,VNN_892bf816ed55,0.0333,0.3379,keep_both,exact_content_sim=0.3379 < 0.8,True,Giáo dục vs Giải trí
VNE_06be696bedba,VNE_54e434c9352c,0.0,0.3378,keep_both,exact_content_sim=0.3378 < 0.8,False,
TTR_43b08580f22b,VNN_6adc5075e331,0.08,0.3377,keep_both,exact_content_sim=0.3377 < 0.8,False,
VNE_8bf7b3c50ee8,VNE_caee9f2e1b46,0.0,0.3377,keep_both,exact_content_sim=0.3377 < 0.8,False,
TTR_abf375384d19,VNN_1428964fa9f4,0.0357,0.3374,keep_both,exact_content_sim=0.3374 < 0.8,True,Kinh doanh vs Giải trí
VNE_37e0b8a2fcb6,VNN_55b226a3c3d5,0.0,0.3374,keep_both,exact_content_sim=0.3374 < 0.8,True,Sức khỏe vs Giáo dục
TTR_a04d5da7c315,VNE_15708243437b,0.0714,0.3373,keep_both,exact_content_sim=0.3373 < 0.8,False,
TTR_a4eb710e58ad,VNN_7c109f347189,0.0,0.3373,keep_both,exact_content_sim=0.3373 < 0.8,True,Kinh doanh vs Giáo dục
TTR_9bceb37c3c7a,TTR_e2836bdb6a4a,1.0,0.3372,keep_both,"same_title_diff_dates (days_diff=3.78d > 2.0d, content_sim=0.3372 < 0.7)",False,
TTR_3bb868a62dad,TTR_619782fb698f,0.12,0.3368,keep_both,exact_content_sim=0.3368 < 0.8,False,
VNN_55b226a3c3d5,VNN_69ceae05dfbe,0.0,0.3367,keep_both,exact_content_sim=0.3367 < 0.8,True,Giáo dục vs Sức khỏe
VNE_acd94d1e5510,VNN_1d06fd48eb90,0.0,0.3364,keep_both,exact_content_sim=0.3364 < 0.8,False,
TTR_7baaa96091fd,VNN_86bbc7aa2423,0.0,0.3363,keep_both,exact_content_sim=0.3363 < 0.8,False,
TTR_bbad9c8d162b,VNN_1d06fd48eb90,0.0,0.3361,keep_both,exact_content_sim=0.3361 < 0.8,False,
TTR_35b20e5a78e2,TTR_da34eecbfc54,0.0,0.336,keep_both,exact_content_sim=0.336 < 0.8,True,Kinh doanh vs Pháp luật
VNE_ce249a690835,VNN_26d8f180c6be,0.0417,0.336,keep_both,exact_content_sim=0.336 < 0.8,False,
TTR_33e793a54546,TTR_989adb33a6bc,0.0,0.3357,keep_both,exact_content_sim=0.3357 < 0.8,True,Khoa học công nghệ vs Giáo dục
TTR_a47dff25c79c,VNN_f0e96fd8d823,0.0,0.3356,keep_both,exact_content_sim=0.3356 < 0.8,False,
TTR_619782fb698f,TTR_7baaa96091fd,0.0,0.3355,keep_both,exact_content_sim=0.3355 < 0.8,False,
VNE_db1e9ac2b764,VNN_1d06fd48eb90,0.0,0.3355,keep_both,exact_content_sim=0.3355 < 0.8,True,Khoa học công nghệ vs Kinh doanh
TTR_0f41a8a40c7a,VNN_6ec2265c309b,0.0,0.3351,keep_both,exact_content_sim=0.3351 < 0.8,True,Sức khỏe vs Khoa học công nghệ
VNE_e860ec200c51,VNN_b046b3c382de,0.0,0.335,keep_both,exact_content_sim=0.335 < 0.8,True,Giáo dục vs Kinh doanh
TTR_57f489a87876,TTR_7c7938b8dcb2,0.0,0.3348,keep_both,exact_content_sim=0.3348 < 0.8,True,Giáo dục vs Sức khỏe
TTR_b1687d46a047,VNN_86acc2ae65b5,0.0,0.3348,keep_both,exact_content_sim=0.3348 < 0.8,True,Giáo dục vs Kinh doanh
TTR_d49173e3213e,VNN_3be184b077d6,0.0513,0.3347,keep_both,exact_content_sim=0.3347 < 0.8,True,Giáo dục vs Kinh doanh
VNE_6afe4dd63cb2,VNN_fc64590e9a0b,0.037,0.3344,keep_both,exact_content_sim=0.3344 < 0.8,False,
TTR_cfc2f1513bd7,VNN_3be4d5e7a542,0.0,0.3341,keep_both,exact_content_sim=0.3341 < 0.8,True,Kinh doanh vs Giáo dục
VNN_6e69a97b927d,VNN_a07984a4ce3c,0.0,0.3341,keep_both,exact_content_sim=0.3341 < 0.8,False,
TTR_38ec0e1f596b,VNN_3be4d5e7a542,0.0,0.334,keep_both,exact_content_sim=0.334 < 0.8,False,
TTR_6f81b55f0c12,VNN_af9c3b03dd5d,0.0294,0.334,keep_both,exact_content_sim=0.334 < 0.8,True,Pháp luật vs Giáo dục
TTR_0a28c0c1b215,VNE_4639976e7310,0.0,0.3333,keep_both,exact_content_sim=0.3333 < 0.8,False,
TTR_7baaa96091fd,VNN_3be4d5e7a542,0.0,0.3333,keep_both,exact_content_sim=0.3333 < 0.8,False,
TTR_d49173e3213e,VNE_09034f9b37a2,0.0,0.3333,keep_both,exact_content_sim=0.3333 < 0.8,True,Giáo dục vs Kinh doanh
TTR_d8d992a50d65,VNE_0eeb82a6e59d,0.0,0.3333,keep_both,exact_content_sim=0.3333 < 0.8,True,Kinh doanh vs Khoa học công nghệ
VNE_04fd82d5f934,VNN_1e38ae45768e,0.0,0.3333,keep_both,exact_content_sim=0.3333 < 0.8,True,Thể thao vs Kinh doanh
VNE_84c756dd5b52,VNE_b420a90f8a09,0.0,0.3333,keep_both,exact_content_sim=0.3333 < 0.8,True,Khoa học công nghệ vs Kinh doanh
VNE_7c4592ab8558,VNE_aa594794d767,0.0,0.3329,keep_both,exact_content_sim=0.3329 < 0.8,False,
TTR_2f540c318b1c,TTR_bbad9c8d162b,0.0,0.3328,keep_both,exact_content_sim=0.3328 < 0.8,False,
TTR_d60d41a42b7e,VNN_5f0c528c3fcc,0.0,0.3328,keep_both,exact_content_sim=0.3328 < 0.8,True,Khoa học công nghệ vs Kinh doanh
TTR_2dd48104575c,TTR_30051537c384,0.0,0.3327,keep_both,exact_content_sim=0.3327 < 0.8,False,
VNE_acd94d1e5510,VNN_b046b3c382de,0.0,0.3327,keep_both,exact_content_sim=0.3327 < 0.8,False,
TTR_619782fb698f,VNN_af9c3b03dd5d,0.1154,0.3326,keep_both,exact_content_sim=0.3326 < 0.8,False,
VNE_261dbcd605a1,VNE_65b855c418e7,0.0,0.3321,keep_both,exact_content_sim=0.3321 < 0.8,True,Sức khỏe vs Giáo dục
TTR_3f8c64b35eee,VNE_59c46c67c98d,0.037,0.332,keep_both,exact_content_sim=0.332 < 0.8,True,Kinh doanh vs Khoa học công nghệ
VNN_a19eb4d68a05,VNN_c1be84a11d11,0.0625,0.332,keep_both,exact_content_sim=0.332 < 0.8,False,
TTR_619782fb698f,VNN_86acc2ae65b5,0.0,0.3319,keep_both,exact_content_sim=0.3319 < 0.8,True,Giáo dục vs Kinh doanh
TTR_b67e531388ab,TTR_f624bcd03b2b,0.0,0.3319,keep_both,exact_content_sim=0.3319 < 0.8,True,Kinh doanh vs Giáo dục
VNE_fa69d56843d9,VNN_9b3d420995cc,0.0,0.3318,keep_both,exact_content_sim=0.3318 < 0.8,False,
TTR_0eec4ebee787,TTR_d614849a092f,0.0,0.3316,keep_both,exact_content_sim=0.3316 < 0.8,True,Kinh doanh vs Khoa học công nghệ
VNE_adab501c6b6f,VNN_69ceae05dfbe,0.0,0.3315,keep_both,exact_content_sim=0.3315 < 0.8,True,Kinh doanh vs Sức khỏe
TTR_6f81b55f0c12,VNN_86bbc7aa2423,0.0,0.3314,keep_both,exact_content_sim=0.3314 < 0.8,True,Pháp luật vs Giáo dục
VNE_0aa6e70abebc,VNN_53e3d814afca,0.0,0.331,keep_both,exact_content_sim=0.331 < 0.8,True,Giáo dục vs Kinh doanh
TTR_51da48c27ba8,VNN_8e6aa2487c9e,0.0357,0.3309,keep_both,exact_content_sim=0.3309 < 0.8,False,
TTR_f77a89ac00d9,VNE_845976bf209a,0.0556,0.3309,keep_both,exact_content_sim=0.3309 < 0.8,True,Kinh doanh vs Khoa học công nghệ
TTR_3f8c64b35eee,VNN_df1db26dec17,0.0,0.3308,keep_both,exact_content_sim=0.3308 < 0.8,False,
TTR_5fb9f08d5e3d,VNN_86acc2ae65b5,0.0,0.3308,keep_both,exact_content_sim=0.3308 < 0.8,True,Giáo dục vs Kinh doanh
TTR_6f81b55f0c12,TTR_b1687d46a047,0.0263,0.3308,keep_both,exact_content_sim=0.3308 < 0.8,True,Pháp luật vs Giáo dục
VNN_c1be84a11d11,VNN_ead3bf32c0ec,0.0357,0.3308,keep_both,exact_content_sim=0.3308 < 0.8,True,Kinh doanh vs Khoa học công nghệ
VNE_1b00c5e09ed8,VNN_588e82d6ac3c,0.0,0.3307,keep_both,exact_content_sim=0.3307 < 0.8,True,Thể thao vs Khoa học công nghệ
VNE_21830f0d931d,VNE_db1e9ac2b764,0.0,0.3306,keep_both,exact_content_sim=0.3306 < 0.8,True,Kinh doanh vs Khoa học công nghệ
TTR_5b665d286d7f,TTR_a4eb710e58ad,0.0645,0.3304,keep_both,exact_content_sim=0.3304 < 0.8,True,Sức khỏe vs Kinh doanh
TTR_7baaa96091fd,TTR_eb1dae651cb8,0.0345,0.3304,keep_both,exact_content_sim=0.3304 < 0.8,False,
TTR_7edd931314f6,VNE_674b2ebbd27e,0.0,0.3303,keep_both,exact_content_sim=0.3303 < 0.8,False,
VNE_73fddc5dd732,VNN_a3109466c642,0.0,0.33,keep_both,exact_content_sim=0.33 < 0.8,True,Sức khỏe vs Kinh doanh
TTR_514ed1ec9e9a,VNN_5401b4b72006,0.0,0.3298,keep_both,exact_content_sim=0.3298 < 0.8,False,
VNE_bb574e8e1e54,VNN_4a334d99ab18,0.0588,0.3298,keep_both,exact_content_sim=0.3298 < 0.8,True,Khoa học công nghệ vs Kinh doanh
VNN_86acc2ae65b5,VNN_86bbc7aa2423,0.0,0.3297,keep_both,exact_content_sim=0.3297 < 0.8,True,Kinh doanh vs Giáo dục
TTR_7baaa96091fd,VNE_a677114ff81c,0.0,0.3295,keep_both,exact_content_sim=0.3295 < 0.8,True,Giáo dục vs Pháp luật
TTR_a062374123e1,TTR_c71298869fc8,0.0,0.3294,keep_both,exact_content_sim=0.3294 < 0.8,False,
TTR_9868b9a1f8d3,TTR_ac3996008bdf,0.0294,0.3293,keep_both,exact_content_sim=0.3293 < 0.8,True,Giáo dục vs Kinh doanh
VNE_a677114ff81c,VNN_af9c3b03dd5d,0.0,0.3292,keep_both,exact_content_sim=0.3292 < 0.8,True,Pháp luật vs Giáo dục
TTR_3cc96427bf78,VNE_50958ae69455,0.1515,0.3291,keep_both,exact_content_sim=0.3291 < 0.8,False,
TTR_9818387742d7,VNE_627ce3f09f26,0.0,0.329,keep_both,exact_content_sim=0.329 < 0.8,False,
TTR_bbad9c8d162b,VNE_21830f0d931d,0.0357,0.329,keep_both,exact_content_sim=0.329 < 0.8,False,
TTR_40cc0f4ac2ee,VNN_5bbea101de0c,0.0,0.3289,keep_both,exact_content_sim=0.3289 < 0.8,True,Kinh doanh vs Giáo dục
TTR_007cfe04f107,VNE_980e925b6191,0.1034,0.3288,keep_both,exact_content_sim=0.3288 < 0.8,False,
TTR_34d5bb321283,VNE_15708243437b,0.0,0.3287,keep_both,exact_content_sim=0.3287 < 0.8,True,Sức khỏe vs Kinh doanh
VNE_a677114ff81c,VNN_9f61aef27a15,0.0,0.3286,keep_both,exact_content_sim=0.3286 < 0.8,True,Pháp luật vs Giáo dục
VNE_c25e9809a733,VNN_5401b4b72006,0.04,0.3286,keep_both,exact_content_sim=0.3286 < 0.8,True,Khoa học công nghệ vs Kinh doanh
TTR_bb7b9ec07312,VNN_8ca68426003f,0.0,0.3284,keep_both,exact_content_sim=0.3284 < 0.8,False,
TTR_a072cf12d0e4,VNN_12569ddcb73e,0.0,0.3281,keep_both,exact_content_sim=0.3281 < 0.8,True,Giáo dục vs Khoa học công nghệ
TTR_071c0a680af4,TTR_9818387742d7,0.0,0.3279,keep_both,exact_content_sim=0.3279 < 0.8,True,Kinh doanh vs Khoa học công nghệ
TTR_1a2d3a8b1ea6,TTR_e907aacf15dd,0.0,0.3277,keep_both,exact_content_sim=0.3277 < 0.8,True,Kinh doanh vs Giáo dục
TTR_3fb707094028,TTR_defd12deb1fd,0.0,0.3276,keep_both,exact_content_sim=0.3276 < 0.8,False,
TTR_7ec371c4dfc9,TTR_ee601d4f83ca,0.0333,0.3276,keep_both,exact_content_sim=0.3276 < 0.8,False,
TTR_33f08419512f,TTR_9cd3db7c9796,0.0294,0.3275,keep_both,exact_content_sim=0.3275 < 0.8,False,
VNE_72d1aad3b7f7,VNE_f819845ab5f5,0.1333,0.3275,keep_both,exact_content_sim=0.3275 < 0.8,False,
TTR_3bb868a62dad,VNE_f72d2626bacd,0.16,0.3274,keep_both,exact_content_sim=0.3274 < 0.8,False,
TTR_7f6654039138,TTR_ded7e2ae9f06,0.0312,0.3274,keep_both,exact_content_sim=0.3274 < 0.8,True,Giáo dục vs Kinh doanh
VNE_4504fe331c43,VNN_4dd6d6fa63c1,0.0,0.3274,keep_both,exact_content_sim=0.3274 < 0.8,True,Khoa học công nghệ vs Kinh doanh
TTR_00278e9af821,TTR_9777a624afba,0.0,0.3273,keep_both,exact_content_sim=0.3273 < 0.8,True,Sức khỏe vs Pháp luật
TTR_0eec4ebee787,VNN_fc64590e9a0b,0.0,0.3273,keep_both,exact_content_sim=0.3273 < 0.8,False,
TTR_e5c5e1a4b4c8,VNN_1a8e20d2eb5b,0.0625,0.3273,keep_both,exact_content_sim=0.3273 < 0.8,True,Kinh doanh vs Khoa học công nghệ
TTR_f877b98be8f1,VNN_02e5a8ee3d20,0.0882,0.3273,keep_both,exact_content_sim=0.3273 < 0.8,False,
TTR_24daf0bfa9a8,VNE_1ce37f818d47,0.0,0.3271,keep_both,exact_content_sim=0.3271 < 0.8,False,
TTR_ac3996008bdf,TTR_ded7e2ae9f06,0.0,0.3271,keep_both,exact_content_sim=0.3271 < 0.8,False,
TTR_619782fb698f,TTR_eb1dae651cb8,0.0,0.327,keep_both,exact_content_sim=0.327 < 0.8,False,
TTR_cfc2f1513bd7,VNE_a677114ff81c,0.0556,0.3269,keep_both,exact_content_sim=0.3269 < 0.8,True,Kinh doanh vs Pháp luật
TTR_eb1dae651cb8,VNN_86acc2ae65b5,0.0714,0.3268,keep_both,exact_content_sim=0.3268 < 0.8,True,Giáo dục vs Kinh doanh
TTR_2129c51171a5,TTR_c8e8dbc18b60,0.08,0.3264,keep_both,exact_content_sim=0.3264 < 0.8,False,
TTR_514ed1ec9e9a,TTR_935bbab9c7cb,0.0303,0.3264,keep_both,exact_content_sim=0.3264 < 0.8,True,Kinh doanh vs Sức khỏe
TTR_77afa28335ba,VNN_86bbc7aa2423,0.0,0.3259,keep_both,exact_content_sim=0.3259 < 0.8,False,
VNE_7aee1ede0e6c,VNE_de291b0f4449,0.0435,0.3259,keep_both,exact_content_sim=0.3259 < 0.8,False,
TTR_38ec0e1f596b,VNN_86acc2ae65b5,0.0,0.3258,keep_both,exact_content_sim=0.3258 < 0.8,True,Giáo dục vs Kinh doanh
TTR_877dc46d67a7,TTR_b0b2b55f6262,0.0,0.3258,keep_both,exact_content_sim=0.3258 < 0.8,True,Giải trí vs Giáo dục
TTR_ee45f6d4f32b,VNE_ff07454e4309,0.0,0.3258,keep_both,exact_content_sim=0.3258 < 0.8,True,Kinh doanh vs Pháp luật
TTR_c148d0992bef,VNE_4739239d5927,0.087,0.3257,keep_both,exact_content_sim=0.3257 < 0.8,True,Giáo dục vs Kinh doanh
TTR_33e793a54546,VNN_747edf62d254,0.0,0.3256,keep_both,exact_content_sim=0.3256 < 0.8,True,Khoa học công nghệ vs Sức khỏe
TTR_27246e1ef0bb,TTR_f7661d0855eb,0.0,0.3253,keep_both,exact_content_sim=0.3253 < 0.8,False,
TTR_7edd931314f6,VNE_f2767fd310aa,0.0,0.3253,keep_both,exact_content_sim=0.3253 < 0.8,True,Kinh doanh vs Giáo dục
TTR_c1a49fea2a34,VNE_f2767fd310aa,0.0,0.3253,keep_both,exact_content_sim=0.3253 < 0.8,True,Pháp luật vs Giáo dục
TTR_935bbab9c7cb,VNE_c25e9809a733,0.0,0.3252,keep_both,exact_content_sim=0.3252 < 0.8,True,Sức khỏe vs Khoa học công nghệ
TTR_21554c0a9137,VNN_88e5f8ec0c84,0.1034,0.3251,keep_both,exact_content_sim=0.3251 < 0.8,False,
TTR_989adb33a6bc,VNN_ae85d68b64a2,0.0,0.3251,keep_both,exact_content_sim=0.3251 < 0.8,True,Giáo dục vs Sức khỏe
TTR_723625fea4d2,VNE_ec58b6451ab7,0.0,0.3249,keep_both,exact_content_sim=0.3249 < 0.8,True,Kinh doanh vs Giải trí
VNE_54e434c9352c,VNE_e141ef3a7220,0.0,0.3244,keep_both,exact_content_sim=0.3244 < 0.8,False,
TTR_2291565aad8e,VNN_62c84af65a1e,0.0333,0.3241,keep_both,exact_content_sim=0.3241 < 0.8,False,
TTR_6f81b55f0c12,TTR_cfc2f1513bd7,0.0238,0.3241,keep_both,exact_content_sim=0.3241 < 0.8,True,Pháp luật vs Kinh doanh
TTR_2ebfa366cf77,VNE_50def0c2286d,0.0714,0.3239,keep_both,exact_content_sim=0.3239 < 0.8,False,
VNE_5005bfcd679b,VNE_fae6c29aac65,0.0,0.3237,keep_both,exact_content_sim=0.3237 < 0.8,True,Giải trí vs Sức khỏe
TTR_619782fb698f,TTR_b1687d46a047,0.0,0.3234,keep_both,exact_content_sim=0.3234 < 0.8,False,
TTR_8ed95c414b13,TTR_e122e54f54c4,0.0526,0.3234,keep_both,exact_content_sim=0.3234 < 0.8,False,
TTR_514ed1ec9e9a,VNE_3214764f93fc,0.0,0.3231,keep_both,exact_content_sim=0.3231 < 0.8,True,Kinh doanh vs Giáo dục
TTR_0787ccaa0061,TTR_dfdd3f8e3b27,0.25,0.3229,keep_both,exact_content_sim=0.3229 < 0.8,False,
TTR_38ec0e1f596b,VNE_a677114ff81c,0.0,0.3228,keep_both,exact_content_sim=0.3228 < 0.8,True,Giáo dục vs Pháp luật
TTR_9777a624afba,VNE_1b304b60e1ad,0.0312,0.3227,keep_both,exact_content_sim=0.3227 < 0.8,True,Pháp luật vs Khoa học công nghệ
VNE_6bb9afb915f6,VNN_a2c6fe8a8d75,0.0,0.3227,keep_both,exact_content_sim=0.3227 < 0.8,True,Khoa học công nghệ vs Giải trí
TTR_2d592ad8a5d2,TTR_ef0e2be105b0,0.0286,0.3224,keep_both,exact_content_sim=0.3224 < 0.8,False,
TTR_2d7620fe3a4c,VNN_12569ddcb73e,0.0,0.3223,keep_both,exact_content_sim=0.3223 < 0.8,True,Kinh doanh vs Khoa học công nghệ
TTR_3960fcd4666c,VNN_c56f2840bb60,0.0,0.3223,keep_both,exact_content_sim=0.3223 < 0.8,False,
TTR_989adb33a6bc,VNN_0eb78abce67b,0.087,0.3223,keep_both,exact_content_sim=0.3223 < 0.8,True,Giáo dục vs Kinh doanh
VNN_b046b3c382de,VNN_d9ae9fd9f24f,0.0,0.3219,keep_both,exact_content_sim=0.3219 < 0.8,False,
VNE_1b00c5e09ed8,VNE_7240006ed3ab,0.0,0.3218,keep_both,exact_content_sim=0.3218 < 0.8,True,Thể thao vs Sức khỏe
TTR_b0b2b55f6262,VNE_d5f8d343572a,0.0,0.3217,keep_both,exact_content_sim=0.3217 < 0.8,True,Giáo dục vs Kinh doanh
TTR_7c7f41cbdf58,TTR_8079cb745077,0.0,0.3216,keep_both,exact_content_sim=0.3216 < 0.8,True,Sức khỏe vs Pháp luật
TTR_723625fea4d2,VNN_60ea9f34e464,0.0,0.3214,keep_both,exact_content_sim=0.3214 < 0.8,True,Kinh doanh vs Giáo dục
TTR_1f9c89c667cf,TTR_4533fbea7744,0.0,0.3208,keep_both,exact_content_sim=0.3208 < 0.8,True,Sức khỏe vs Kinh doanh
TTR_0f91250de6bd,TTR_efc87aa2bcd9,0.0769,0.3207,keep_both,exact_content_sim=0.3207 < 0.8,False,
TTR_f7661d0855eb,VNN_572576d30a37,0.0385,0.3207,keep_both,exact_content_sim=0.3207 < 0.8,True,Kinh doanh vs Giải trí
TTR_ded7e2ae9f06,VNE_5e91800d386e,0.0,0.3206,keep_both,exact_content_sim=0.3206 < 0.8,False,
TTR_164c3f103d77,TTR_f74fea2e52e6,0.0,0.3205,keep_both,exact_content_sim=0.3205 < 0.8,False,
TTR_8e2f6791edb5,TTR_ee65d6d6d5d9,0.2353,0.3204,keep_both,exact_content_sim=0.3204 < 0.8,False,
TTR_34d5bb321283,TTR_935bbab9c7cb,0.0476,0.3203,keep_both,exact_content_sim=0.3203 < 0.8,False,
TTR_34d5bb321283,VNE_3214764f93fc,0.0294,0.3202,keep_both,exact_content_sim=0.3202 < 0.8,True,Sức khỏe vs Giáo dục
TTR_6f81b55f0c12,VNN_fe6477a95492,0.0,0.3202,keep_both,exact_content_sim=0.3202 < 0.8,True,Pháp luật vs Giáo dục
TTR_a596ad95189a,TTR_e2a037ad543a,0.1071,0.3202,keep_both,exact_content_sim=0.3202 < 0.8,False,
VNE_7f005fcb4076,VNN_243f25d1c0d6,0.0,0.3202,keep_both,exact_content_sim=0.3202 < 0.8,False,
TTR_40cc0f4ac2ee,TTR_f001f28dfb52,0.0,0.3201,keep_both,exact_content_sim=0.3201 < 0.8,False,
TTR_85adcd38dfa3,VNN_0ab292382ae6,0.0357,0.3201,keep_both,exact_content_sim=0.3201 < 0.8,True,Giáo dục vs Sức khỏe
TTR_a00ef39d2f8d,VNE_83d11b8e2341,0.0,0.3201,keep_both,exact_content_sim=0.3201 < 0.8,True,Giáo dục vs Sức khỏe
TTR_619782fb698f,VNE_a677114ff81c,0.0,0.32,keep_both,exact_content_sim=0.32 < 0.8,True,Giáo dục vs Pháp luật
TTR_3cc96427bf78,VNE_5e91800d386e,0.0,0.3199,keep_both,exact_content_sim=0.3199 < 0.8,True,Pháp luật vs Kinh doanh
TTR_6f81b55f0c12,VNE_f72d2626bacd,0.0294,0.3198,keep_both,exact_content_sim=0.3198 < 0.8,True,Pháp luật vs Giáo dục
TTR_886904b7b429,VNN_12569ddcb73e,0.0385,0.3198,keep_both,exact_content_sim=0.3198 < 0.8,True,Kinh doanh vs Khoa học công nghệ
TTR_577c962cc646,TTR_f204aad13e09,0.08,0.3197,keep_both,exact_content_sim=0.3197 < 0.8,False,
VNE_d7ad472d494b,VNN_f3240782aefd,0.0,0.3194,keep_both,exact_content_sim=0.3194 < 0.8,False,
VNE_3126bfa0b63e,VNE_c4c884a03769,0.0,0.3191,keep_both,exact_content_sim=0.3191 < 0.8,False,
VNE_09034f9b37a2,VNN_3be184b077d6,0.0256,0.319,keep_both,exact_content_sim=0.319 < 0.8,False,
TTR_21cf421026e4,TTR_741d40b49b31,0.0,0.3189,keep_both,exact_content_sim=0.3189 < 0.8,True,Sức khỏe vs Kinh doanh
VNN_4a6f28979660,VNN_707b880b93fd,0.0,0.3189,keep_both,exact_content_sim=0.3189 < 0.8,False,
TTR_d60d41a42b7e,TTR_f8987e9c98af,0.0323,0.3188,keep_both,exact_content_sim=0.3188 < 0.8,True,Khoa học công nghệ vs Kinh doanh
TTR_0c3ad20048f5,VNN_efd0761d85c8,0.0606,0.3187,keep_both,exact_content_sim=0.3187 < 0.8,True,Sức khỏe vs Khoa học công nghệ
TTR_bf8bd180aff4,VNN_dcab684a0051,0.0385,0.3186,keep_both,exact_content_sim=0.3186 < 0.8,True,Giáo dục vs Kinh doanh
TTR_e5c5e1a4b4c8,VNE_e85902068ece,0.0,0.3186,keep_both,exact_content_sim=0.3186 < 0.8,False,
VNE_16186195d33e,VNN_d0b64c6ab463,0.0,0.3186,keep_both,exact_content_sim=0.3186 < 0.8,False,
VNE_627ce3f09f26,VNN_1a8e20d2eb5b,0.0,0.3185,keep_both,exact_content_sim=0.3185 < 0.8,False,
VNE_f32fb9967e88,VNN_97d988ba663c,0.0588,0.3185,keep_both,exact_content_sim=0.3185 < 0.8,False,
TTR_0e9758ccde90,TTR_19b7807bab2b,0.0,0.3183,keep_both,exact_content_sim=0.3183 < 0.8,False,
VNE_8bf7b3c50ee8,VNE_cb13f21246d9,0.0,0.3182,keep_both,exact_content_sim=0.3182 < 0.8,False,
TTR_a04d5da7c315,VNN_5de6fc633df1,0.069,0.3179,keep_both,exact_content_sim=0.3179 < 0.8,True,Kinh doanh vs Giáo dục
VNN_37151870a475,VNN_d8e7c81686b3,0.0606,0.3179,keep_both,exact_content_sim=0.3179 < 0.8,False,
TTR_21cf421026e4,VNN_5bbea101de0c,0.0,0.3178,keep_both,exact_content_sim=0.3178 < 0.8,True,Sức khỏe vs Giáo dục
VNE_0eeb82a6e59d,VNN_d04b3322bc1b,0.0,0.3178,keep_both,exact_content_sim=0.3178 < 0.8,True,Khoa học công nghệ vs Kinh doanh
TTR_14fd0be8bb8c,VNE_c6af0ec1f4b9,0.0,0.3176,keep_both,exact_content_sim=0.3176 < 0.8,False,
TTR_242642c52524,VNN_9fc35376e266,0.0,0.3176,keep_both,exact_content_sim=0.3176 < 0.8,True,Giáo dục vs Khoa học công nghệ
TTR_8079cb745077,VNN_a88a2b80c21f,0.0345,0.3175,keep_both,exact_content_sim=0.3175 < 0.8,True,Pháp luật vs Kinh doanh
VNE_b3c5b5a5d4d4,VNN_f32b68b1b86d,0.0,0.3175,keep_both,exact_content_sim=0.3175 < 0.8,True,Thể thao vs Giải trí
TTR_85cbe661ba07,TTR_a797b6e7b77e,0.1786,0.3174,keep_both,exact_content_sim=0.3174 < 0.8,False,
VNN_747edf62d254,VNN_bff40d895c49,0.0385,0.3174,keep_both,exact_content_sim=0.3174 < 0.8,True,Sức khỏe vs Kinh doanh
TTR_be35aecb6acb,VNE_e8caac176852,0.0,0.3172,keep_both,exact_content_sim=0.3172 < 0.8,True,Kinh doanh vs Khoa học công nghệ
VNE_a9d430b053b7,VNE_e3359f9c178e,0.0476,0.3172,keep_both,exact_content_sim=0.3172 < 0.8,False,
TTR_16e2580828ae,TTR_5955d70793a7,0.0,0.3171,keep_both,exact_content_sim=0.3171 < 0.8,False,
TTR_b1687d46a047,VNN_af9c3b03dd5d,0.0,0.317,keep_both,exact_content_sim=0.317 < 0.8,False,
TTR_eb1dae651cb8,VNE_f72d2626bacd,0.0,0.317,keep_both,exact_content_sim=0.317 < 0.8,False,
TTR_4f900060f2e1,VNN_efd0761d85c8,0.0,0.3169,keep_both,exact_content_sim=0.3169 < 0.8,True,Kinh doanh vs Khoa học công nghệ
VNE_627ce3f09f26,VNE_e85902068ece,0.0,0.3169,keep_both,exact_content_sim=0.3169 < 0.8,True,Khoa học công nghệ vs Kinh doanh
TTR_077c75fbcdf8,TTR_c9cf4f3b53b2,0.1026,0.3166,keep_both,exact_content_sim=0.3166 < 0.8,True,Pháp luật vs Sức khỏe
TTR_6109c8710a06,VNN_53ff13fd4562,0.0,0.3165,keep_both,exact_content_sim=0.3165 < 0.8,True,Giáo dục vs Giải trí
TTR_677736328d06,TTR_8888ea92a3c5,0.0,0.3165,keep_both,exact_content_sim=0.3165 < 0.8,True,Pháp luật vs Kinh doanh
TTR_b1687d46a047,VNE_a677114ff81c,0.0,0.3164,keep_both,exact_content_sim=0.3164 < 0.8,True,Giáo dục vs Pháp luật
TTR_5698489a6978,VNE_8b2b6e0a1a20,0.0,0.3163,keep_both,exact_content_sim=0.3163 < 0.8,True,Khoa học công nghệ vs Kinh doanh
VNE_f72d2626bacd,VNN_3be4d5e7a542,0.0,0.3163,keep_both,exact_content_sim=0.3163 < 0.8,False,
TTR_5b6a10523ca3,TTR_75ba5cab1a69,0.0,0.3161,keep_both,exact_content_sim=0.3161 < 0.8,False,
VNE_15708243437b,VNE_3214764f93fc,0.0,0.3161,keep_both,exact_content_sim=0.3161 < 0.8,True,Kinh doanh vs Giáo dục
TTR_99af8b891067,VNE_104e50c27e9c,0.0952,0.316,keep_both,exact_content_sim=0.316 < 0.8,False,
VNE_27938228f0d2,VNN_5fc8f4f630c0,0.0,0.316,keep_both,exact_content_sim=0.316 < 0.8,False,
VNN_a3109466c642,VNN_bff40d895c49,0.0741,0.316,keep_both,exact_content_sim=0.316 < 0.8,False,
TTR_85cbe661ba07,TTR_c8e8dbc18b60,0.1429,0.3159,keep_both,exact_content_sim=0.3159 < 0.8,False,
TTR_ee45f6d4f32b,VNN_588e82d6ac3c,0.0,0.3158,keep_both,exact_content_sim=0.3158 < 0.8,True,Kinh doanh vs Khoa học công nghệ
TTR_0c3ad20048f5,TTR_4f900060f2e1,0.0,0.3156,keep_both,exact_content_sim=0.3156 < 0.8,True,Sức khỏe vs Kinh doanh
VNE_f1700151a5c8,VNN_65787cc131e1,0.08,0.3156,keep_both,exact_content_sim=0.3156 < 0.8,True,Kinh doanh vs Khoa học công nghệ
TTR_221f8c335824,TTR_8ae25790ae28,0.0,0.3154,keep_both,exact_content_sim=0.3154 < 0.8,True,Kinh doanh vs Khoa học công nghệ
VNN_3be8680051e6,VNN_d04b3322bc1b,0.0,0.3153,keep_both,exact_content_sim=0.3153 < 0.8,False,
TTR_766ce55ff39f,TTR_ae3d55e20331,0.0217,0.3151,keep_both,exact_content_sim=0.3151 < 0.8,True,Giáo dục vs Sức khỏe
TTR_7baaa96091fd,TTR_b1687d46a047,0.0,0.3151,keep_both,exact_content_sim=0.3151 < 0.8,False,
VNN_72e7602be3a8,VNN_f6e76fa7c453,0.0,0.3151,keep_both,exact_content_sim=0.3151 < 0.8,True,Giáo dục vs Sức khỏe
TTR_b1687d46a047,VNN_86bbc7aa2423,0.0294,0.315,keep_both,exact_content_sim=0.315 < 0.8,False,
TTR_bd4a89d0834f,VNE_2dd93c097ca2,0.0,0.315,keep_both,exact_content_sim=0.315 < 0.8,False,
TTR_9868b9a1f8d3,VNE_5e91800d386e,0.0588,0.3148,keep_both,exact_content_sim=0.3148 < 0.8,True,Giáo dục vs Kinh doanh
TTR_ea35cacaf8a6,VNE_a924b1f04a99,0.0,0.3148,keep_both,exact_content_sim=0.3148 < 0.8,False,
VNE_0e0318c0db52,VNN_4a334d99ab18,0.0,0.3147,keep_both,exact_content_sim=0.3147 < 0.8,True,Khoa học công nghệ vs Kinh doanh
VNE_7aee1ede0e6c,VNE_e1b29bf4edeb,0.0,0.3147,keep_both,exact_content_sim=0.3147 < 0.8,True,Kinh doanh vs Pháp luật
TTR_221f8c335824,VNE_e560bc1f9d65,0.0435,0.3146,keep_both,exact_content_sim=0.3146 < 0.8,True,Kinh doanh vs Giải trí
TTR_564b3f3ce4a1,VNE_7240006ed3ab,0.0556,0.3143,keep_both,exact_content_sim=0.3143 < 0.8,True,Pháp luật vs Sức khỏe
TTR_cfc2f1513bd7,VNN_fe6477a95492,0.025,0.3143,keep_both,exact_content_sim=0.3143 < 0.8,True,Kinh doanh vs Giáo dục
TTR_2f540c318b1c,VNE_acd94d1e5510,0.0,0.314,keep_both,exact_content_sim=0.314 < 0.8,False,
VNE_5a44b549d52a,VNN_852e59bc71b8,0.0714,0.3138,keep_both,exact_content_sim=0.3138 < 0.8,True,Khoa học công nghệ vs Kinh doanh
VNN_4502732842a4,VNN_e564b4a31dea,0.0,0.3138,keep_both,exact_content_sim=0.3138 < 0.8,False,
VNN_3638c1569774,VNN_78b9dca1931c,0.027,0.3136,keep_both,exact_content_sim=0.3136 < 0.8,False,
VNN_423ba83ebfd6,VNN_8c65a64bfb73,0.0,0.3136,keep_both,exact_content_sim=0.3136 < 0.8,True,Giáo dục vs Sức khỏe
TTR_f68f27e8965d,VNE_faeae66f26f2,0.0,0.3135,keep_both,exact_content_sim=0.3135 < 0.8,True,Sức khỏe vs Giáo dục
VNE_e2eecb664acc,VNN_3c6ab1529339,0.04,0.3134,keep_both,exact_content_sim=0.3134 < 0.8,False,
TTR_77afa28335ba,VNE_a677114ff81c,0.0312,0.3133,keep_both,exact_content_sim=0.3133 < 0.8,True,Giáo dục vs Pháp luật
TTR_8dc8a576c6fc,VNE_aa594794d767,0.0,0.3132,keep_both,exact_content_sim=0.3132 < 0.8,True,Giáo dục vs Giải trí
TTR_341d2fcab909,VNN_21656b22fe7d,0.0417,0.3131,keep_both,exact_content_sim=0.3131 < 0.8,True,Giáo dục vs Khoa học công nghệ
TTR_4017814565db,VNE_bda058b2c7d3,0.0,0.3131,keep_both,exact_content_sim=0.3131 < 0.8,True,Pháp luật vs Khoa học công nghệ
TTR_eb1dae651cb8,VNN_86bbc7aa2423,0.0,0.3129,keep_both,exact_content_sim=0.3129 < 0.8,False,
VNN_0eb78abce67b,VNN_747edf62d254,0.0,0.3126,keep_both,exact_content_sim=0.3126 < 0.8,True,Kinh doanh vs Sức khỏe
VNE_40e22071c42c,VNE_9d6bf75d8cd4,0.0769,0.3125,keep_both,exact_content_sim=0.3125 < 0.8,False,
VNE_7494808debd1,VNN_9c9864982441,0.0,0.3125,keep_both,exact_content_sim=0.3125 < 0.8,False,
TTR_73348b327f50,TTR_a42d6605ba8c,0.0,0.3124,keep_both,exact_content_sim=0.3124 < 0.8,True,Giải trí vs Kinh doanh
TTR_8bbcf9a81f1d,TTR_9320dede5fc5,0.0513,0.3124,keep_both,exact_content_sim=0.3124 < 0.8,True,Kinh doanh vs Giáo dục
VNE_dd58dd412be3,VNN_b59aed693953,0.0,0.3124,keep_both,exact_content_sim=0.3124 < 0.8,True,Khoa học công nghệ vs Thể thao
TTR_27246e1ef0bb,VNN_9cef5a61a102,0.0,0.3123,keep_both,exact_content_sim=0.3123 < 0.8,True,Kinh doanh vs Khoa học công nghệ
TTR_6a98f547494f,VNE_21c4b552f645,0.1739,0.3121,keep_both,exact_content_sim=0.3121 < 0.8,False,
TTR_ac5b82b1ecfd,VNN_cb08eb53c3e5,0.0,0.3121,keep_both,exact_content_sim=0.3121 < 0.8,True,Kinh doanh vs Giáo dục
TTR_7a71d607b791,VNN_f6d1cd804f9a,0.0,0.3119,keep_both,exact_content_sim=0.3119 < 0.8,True,Kinh doanh vs Giáo dục
TTR_34d5bb321283,TTR_a42d6605ba8c,0.0,0.3117,keep_both,exact_content_sim=0.3117 < 0.8,True,Sức khỏe vs Kinh doanh
TTR_071c0a680af4,VNE_627ce3f09f26,0.0,0.3116,keep_both,exact_content_sim=0.3116 < 0.8,True,Kinh doanh vs Khoa học công nghệ
TTR_7edd931314f6,TTR_c1a49fea2a34,0.0,0.3116,keep_both,exact_content_sim=0.3116 < 0.8,True,Kinh doanh vs Pháp luật
TTR_9777a624afba,TTR_b577cb0043d3,0.0,0.3116,keep_both,exact_content_sim=0.3116 < 0.8,True,Pháp luật vs Kinh doanh
VNE_21830f0d931d,VNN_b046b3c382de,0.0,0.3114,keep_both,exact_content_sim=0.3114 < 0.8,False,
VNE_573a23da1edb,VNE_e910df32950a,0.0,0.3114,keep_both,exact_content_sim=0.3114 < 0.8,False,
TTR_a835a7d2dda6,TTR_c36fa8a0c82a,0.0,0.3113,keep_both,exact_content_sim=0.3113 < 0.8,True,Pháp luật vs Giáo dục
TTR_514ed1ec9e9a,TTR_73348b327f50,0.0455,0.3112,keep_both,exact_content_sim=0.3112 < 0.8,True,Kinh doanh vs Giải trí
VNE_a677114ff81c,VNN_86bbc7aa2423,0.0,0.3111,keep_both,exact_content_sim=0.3111 < 0.8,True,Pháp luật vs Giáo dục
TTR_2d16e59e716a,VNE_687c50520738,0.0312,0.311,keep_both,exact_content_sim=0.311 < 0.8,True,Kinh doanh vs Sức khỏe
TTR_8fc3069f067d,VNE_e233b019a577,0.0,0.311,keep_both,exact_content_sim=0.311 < 0.8,True,Giáo dục vs Pháp luật
VNE_dd58dd412be3,VNN_8395683ea1e5,0.0,0.3108,keep_both,exact_content_sim=0.3108 < 0.8,True,Khoa học công nghệ vs Kinh doanh
TTR_38ec0e1f596b,TTR_b1687d46a047,0.0,0.3107,keep_both,exact_content_sim=0.3107 < 0.8,False,
TTR_ee601d4f83ca,VNN_4dd6d6fa63c1,0.0,0.3107,keep_both,exact_content_sim=0.3107 < 0.8,False,
VNE_59c46c67c98d,VNE_7aee1ede0e6c,0.0,0.3107,keep_both,exact_content_sim=0.3107 < 0.8,True,Khoa học công nghệ vs Kinh doanh
VNE_59c46c67c98d,VNN_2d7b5ace1405,0.0714,0.3107,keep_both,exact_content_sim=0.3107 < 0.8,True,Khoa học công nghệ vs Giáo dục
TTR_77487b36b84a,VNE_0b0cddcb2a97,0.0357,0.3106,keep_both,exact_content_sim=0.3106 < 0.8,False,
TTR_bd4a89d0834f,TTR_fb0cccb3ca21,0.0,0.3106,keep_both,exact_content_sim=0.3106 < 0.8,True,Khoa học công nghệ vs Kinh doanh
TTR_ee601d4f83ca,VNE_d9f5ab43c8e2,0.0476,0.3105,keep_both,exact_content_sim=0.3105 < 0.8,False,
TTR_071c0a680af4,VNE_e85902068ece,0.0,0.3104,keep_both,exact_content_sim=0.3104 < 0.8,False,
TTR_82d8278869ff,VNE_e233b019a577,0.0,0.3104,keep_both,exact_content_sim=0.3104 < 0.8,True,Kinh doanh vs Pháp luật
TTR_1f9c89c667cf,VNN_4502732842a4,0.0,0.3103,keep_both,exact_content_sim=0.3103 < 0.8,True,Sức khỏe vs Kinh doanh
TTR_83cfc985032f,TTR_9984adaff053,0.0,0.3102,keep_both,exact_content_sim=0.3102 < 0.8,True,Kinh doanh vs Pháp luật
TTR_68c3d4c44ee2,VNE_12a07f9b7f50,0.0,0.3101,keep_both,exact_content_sim=0.3101 < 0.8,True,Kinh doanh vs Khoa học công nghệ
TTR_8ae25790ae28,VNN_73ece52e5117,0.0588,0.31,keep_both,exact_content_sim=0.31 < 0.8,False,
TTR_2f540c318b1c,VNN_d9ae9fd9f24f,0.0,0.3099,keep_both,exact_content_sim=0.3099 < 0.8,False,
TTR_43b6c8b31263,TTR_a3863e374b11,0.0,0.3098,keep_both,exact_content_sim=0.3098 < 0.8,False,
TTR_7baaa96091fd,VNN_86acc2ae65b5,0.0,0.3097,keep_both,exact_content_sim=0.3097 < 0.8,True,Giáo dục vs Kinh doanh
TTR_8db8df05102c,VNE_37c3fca6e8d3,0.0,0.3096,keep_both,exact_content_sim=0.3096 < 0.8,True,Giải trí vs Kinh doanh
TTR_ee45f6d4f32b,VNE_7240006ed3ab,0.0,0.3096,keep_both,exact_content_sim=0.3096 < 0.8,True,Kinh doanh vs Sức khỏe
VNE_7aee1ede0e6c,VNN_336caef47a93,0.0,0.3096,keep_both,exact_content_sim=0.3096 < 0.8,False,
TTR_5b665d286d7f,VNN_7c109f347189,0.0,0.3095,keep_both,exact_content_sim=0.3095 < 0.8,True,Sức khỏe vs Giáo dục
TTR_cfc2f1513bd7,VNN_86acc2ae65b5,0.0256,0.3094,keep_both,exact_content_sim=0.3094 < 0.8,False,
TTR_ff194fa6d2b7,VNN_6dc9fb2b1583,0.087,0.3094,keep_both,exact_content_sim=0.3094 < 0.8,False,
TTR_5951c287a02b,TTR_73348b327f50,0.0,0.3093,keep_both,exact_content_sim=0.3093 < 0.8,True,Giáo dục vs Giải trí
TTR_75ba5cab1a69,VNN_b38a1782790a,0.0417,0.3093,keep_both,exact_content_sim=0.3093 < 0.8,False,
TTR_9f20beb2e789,VNE_a639864c89a5,0.0,0.3093,keep_both,exact_content_sim=0.3093 < 0.8,True,Sức khỏe vs Giải trí
TTR_0c65edb5469a,VNE_457009a99698,0.0,0.3092,keep_both,exact_content_sim=0.3092 < 0.8,False,
TTR_c36fa8a0c82a,VNE_77f330bd6ae8,0.0,0.309,keep_both,exact_content_sim=0.309 < 0.8,True,Giáo dục vs Giải trí
TTR_16e2580828ae,VNE_3ab57702fba4,0.0,0.3089,keep_both,exact_content_sim=0.3089 < 0.8,True,Kinh doanh vs Giáo dục
TTR_40ef5952e6b6,TTR_f5e3f0cd5093,0.0278,0.3089,keep_both,exact_content_sim=0.3089 < 0.8,True,Kinh doanh vs Giáo dục
TTR_2f540c318b1c,VNE_e860ec200c51,0.0,0.3086,keep_both,exact_content_sim=0.3086 < 0.8,True,Kinh doanh vs Giáo dục
TTR_451820d09492,VNE_6bb9afb915f6,0.0345,0.3085,keep_both,exact_content_sim=0.3085 < 0.8,True,Giáo dục vs Khoa học công nghệ
TTR_73348b327f50,VNE_15708243437b,0.0,0.3085,keep_both,exact_content_sim=0.3085 < 0.8,True,Giải trí vs Kinh doanh
TTR_f163514b6d97,VNE_270e1e456dac,0.0455,0.3085,keep_both,exact_content_sim=0.3085 < 0.8,True,Giáo dục vs Kinh doanh
TTR_5fb9f08d5e3d,TTR_cfc2f1513bd7,0.0,0.3084,keep_both,exact_content_sim=0.3084 < 0.8,True,Giáo dục vs Kinh doanh
VNE_3ab57702fba4,VNE_adab501c6b6f,0.0,0.3082,keep_both,exact_content_sim=0.3082 < 0.8,True,Giáo dục vs Kinh doanh
TTR_f77a89ac00d9,VNE_e0e579cf094c,0.0,0.3081,keep_both,exact_content_sim=0.3081 < 0.8,True,Kinh doanh vs Giải trí
VNE_3643d1a6207f,VNN_666980471957,0.0,0.308,keep_both,exact_content_sim=0.308 < 0.8,True,Kinh doanh vs Khoa học công nghệ
TTR_03322ede4e7a,TTR_5698489a6978,0.0345,0.3078,keep_both,exact_content_sim=0.3078 < 0.8,True,Giáo dục vs Khoa học công nghệ
TTR_7ec371c4dfc9,VNN_4dd6d6fa63c1,0.0,0.3077,keep_both,exact_content_sim=0.3077 < 0.8,False,
TTR_741d40b49b31,TTR_daa0d1dd7d4f,0.0312,0.3072,keep_both,exact_content_sim=0.3072 < 0.8,False,
TTR_3f8c64b35eee,VNE_1e497ed68de1,0.0,0.3069,keep_both,exact_content_sim=0.3069 < 0.8,True,Kinh doanh vs Khoa học công nghệ
TTR_7a71d607b791,VNN_78b9dca1931c,0.0,0.3069,keep_both,exact_content_sim=0.3069 < 0.8,True,Kinh doanh vs Giáo dục
VNN_1d06fd48eb90,VNN_b046b3c382de,0.0,0.3068,keep_both,exact_content_sim=0.3068 < 0.8,False,
VNN_af9c3b03dd5d,VNN_fe6477a95492,0.0312,0.3068,keep_both,exact_content_sim=0.3068 < 0.8,False,
TTR_371d9a002b9b,TTR_aa77ee5c3cd8,0.027,0.3067,keep_both,exact_content_sim=0.3067 < 0.8,False,
TTR_21cf421026e4,TTR_daa0d1dd7d4f,0.0417,0.3066,keep_both,exact_content_sim=0.3066 < 0.8,True,Sức khỏe vs Kinh doanh
VNN_0eb78abce67b,VNN_a3109466c642,0.0,0.3064,keep_both,exact_content_sim=0.3064 < 0.8,False,
TTR_a04d5da7c315,VNE_3214764f93fc,0.0,0.3063,keep_both,exact_content_sim=0.3063 < 0.8,True,Kinh doanh vs Giáo dục
VNE_de291b0f4449,VNE_e1b29bf4edeb,0.0,0.306,keep_both,exact_content_sim=0.306 < 0.8,True,Kinh doanh vs Pháp luật
TTR_d614849a092f,VNE_6afe4dd63cb2,0.0,0.3059,keep_both,exact_content_sim=0.3059 < 0.8,True,Khoa học công nghệ vs Kinh doanh
VNN_86acc2ae65b5,VNN_9f61aef27a15,0.0312,0.3059,keep_both,exact_content_sim=0.3059 < 0.8,True,Kinh doanh vs Giáo dục
TTR_a596ad95189a,TTR_ca126995f0dc,0.0345,0.3058,keep_both,exact_content_sim=0.3058 < 0.8,False,
TTR_2f540c318b1c,VNE_db1e9ac2b764,0.0,0.3057,keep_both,exact_content_sim=0.3057 < 0.8,True,Kinh doanh vs Khoa học công nghệ
TTR_619782fb698f,VNN_fe6477a95492,0.0667,0.3057,keep_both,exact_content_sim=0.3057 < 0.8,False,
TTR_77afa28335ba,TTR_eb1dae651cb8,0.0,0.3057,keep_both,exact_content_sim=0.3057 < 0.8,False,
TTR_eb1dae651cb8,VNN_af9c3b03dd5d,0.0,0.3057,keep_both,exact_content_sim=0.3057 < 0.8,False,
TTR_3bb868a62dad,TTR_6f81b55f0c12,0.0,0.3056,keep_both,exact_content_sim=0.3056 < 0.8,True,Giáo dục vs Pháp luật
TTR_1b4c696af2fd,VNE_1b304b60e1ad,0.0625,0.3054,keep_both,exact_content_sim=0.3054 < 0.8,True,Pháp luật vs Khoa học công nghệ
TTR_a1ad92ba238d,TTR_bdc82fae3505,0.1071,0.3053,keep_both,exact_content_sim=0.3053 < 0.8,False,
TTR_ff194fa6d2b7,VNE_e3359f9c178e,0.0,0.3052,keep_both,exact_content_sim=0.3052 < 0.8,True,Kinh doanh vs Giải trí
VNE_3214764f93fc,VNE_c25e9809a733,0.0,0.3051,keep_both,exact_content_sim=0.3051 < 0.8,True,Giáo dục vs Khoa học công nghệ
VNE_ff07454e4309,VNN_588e82d6ac3c,0.0,0.3051,keep_both,exact_content_sim=0.3051 < 0.8,True,Pháp luật vs Khoa học công nghệ
TTR_2b4edf2eaf4a,VNE_e233b019a577,0.0,0.305,keep_both,exact_content_sim=0.305 < 0.8,True,Kinh doanh vs Pháp luật
TTR_989adb33a6bc,VNE_73fddc5dd732,0.0,0.305,keep_both,exact_content_sim=0.305 < 0.8,True,Giáo dục vs Sức khỏe
TTR_2f540c318b1c,VNN_404c667e9674,0.0345,0.3049,keep_both,exact_content_sim=0.3049 < 0.8,False,
TTR_514ed1ec9e9a,TTR_a42d6605ba8c,0.0,0.3047,keep_both,exact_content_sim=0.3047 < 0.8,False,
TTR_8079cb745077,TTR_88a792256a7b,0.0,0.3046,keep_both,exact_content_sim=0.3046 < 0.8,False,
TTR_2f540c318b1c,VNN_1d06fd48eb90,0.069,0.3045,keep_both,exact_content_sim=0.3045 < 0.8,False,
VNE_21830f0d931d,VNN_404c667e9674,0.0,0.3045,keep_both,exact_content_sim=0.3045 < 0.8,False,
TTR_77afa28335ba,VNN_af9c3b03dd5d,0.0,0.3044,keep_both,exact_content_sim=0.3044 < 0.8,False,
TTR_14fd0be8bb8c,VNN_9c6590c63ae0,0.0,0.3043,keep_both,exact_content_sim=0.3043 < 0.8,False,
TTR_50421b2ac7af,TTR_b0b2b55f6262,0.0,0.3043,keep_both,exact_content_sim=0.3043 < 0.8,True,Thể thao vs Giáo dục
VNE_de291b0f4449,VNN_fe7b2d394071,0.0,0.3043,keep_both,exact_content_sim=0.3043 < 0.8,False,
TTR_77afa28335ba,VNN_fe6477a95492,0.0,0.3042,keep_both,exact_content_sim=0.3042 < 0.8,False,
TTR_c10e50ac7298,TTR_c1a49fea2a34,0.0,0.3042,keep_both,exact_content_sim=0.3042 < 0.8,True,Kinh doanh vs Pháp luật
VNE_59c46c67c98d,VNE_de291b0f4449,0.0,0.3042,keep_both,exact_content_sim=0.3042 < 0.8,True,Khoa học công nghệ vs Kinh doanh
TTR_741d40b49b31,VNN_4a62441e95f9,0.0,0.3041,keep_both,exact_content_sim=0.3041 < 0.8,True,Kinh doanh vs Sức khỏe
TTR_846d1d97511b,VNE_3ea949f205b9,0.0,0.3041,keep_both,exact_content_sim=0.3041 < 0.8,False,
TTR_81d6d481dcfb,VNN_3ff425e5007b,0.0588,0.3037,keep_both,exact_content_sim=0.3037 < 0.8,False,
TTR_c23b368b3ff8,VNE_82b16d176048,0.1429,0.3037,keep_both,exact_content_sim=0.3037 < 0.8,True,Giáo dục vs Khoa học công nghệ
TTR_fe3c27991f27,VNN_b8d39038586e,0.0,0.3037,keep_both,exact_content_sim=0.3037 < 0.8,False,
VNN_43d0366b102b,VNN_59da7979d686,0.0769,0.3036,keep_both,exact_content_sim=0.3036 < 0.8,True,Giáo dục vs Giải trí
TTR_4ccba3f72ea4,TTR_ccadce279ebb,0.087,0.3033,keep_both,exact_content_sim=0.3033 < 0.8,False,
TTR_ee70d496989f,VNN_60b68c01d9c8,0.0,0.303,keep_both,exact_content_sim=0.303 < 0.8,True,Kinh doanh vs Giáo dục
TTR_a596ad95189a,VNN_f7fadc015152,0.0357,0.3029,keep_both,exact_content_sim=0.3029 < 0.8,False,
VNN_5737949cee6b,VNN_664f6e2c0de6,0.0,0.3029,keep_both,exact_content_sim=0.3029 < 0.8,False,
TTR_5955d70793a7,VNE_adab501c6b6f,0.0,0.3028,keep_both,exact_content_sim=0.3028 < 0.8,False,
TTR_5951c287a02b,TTR_a04d5da7c315,0.0714,0.3027,keep_both,exact_content_sim=0.3027 < 0.8,True,Giáo dục vs Kinh doanh
TTR_7f6654039138,TTR_ac3996008bdf,0.0,0.3026,keep_both,exact_content_sim=0.3026 < 0.8,True,Giáo dục vs Kinh doanh
TTR_7baaa96091fd,VNN_fe6477a95492,0.0294,0.3025,keep_both,exact_content_sim=0.3025 < 0.8,False,
VNN_b1f2569b0783,VNN_eb9b1e897767,0.0,0.3024,keep_both,exact_content_sim=0.3024 < 0.8,True,Khoa học công nghệ vs Kinh doanh
VNN_86bbc7aa2423,VNN_fe6477a95492,0.0625,0.3023,keep_both,exact_content_sim=0.3023 < 0.8,False,
TTR_06bcdc5bfbc9,VNE_74eca12af5a6,0.0357,0.3022,keep_both,exact_content_sim=0.3022 < 0.8,True,Kinh doanh vs Pháp luật
TTR_5fb9f08d5e3d,VNN_fe6477a95492,0.0,0.302,keep_both,exact_content_sim=0.302 < 0.8,False,
TTR_6cac8a15e794,TTR_d271fa88e0e9,0.0333,0.302,keep_both,exact_content_sim=0.302 < 0.8,True,Kinh doanh vs Giáo dục
TTR_1ee2eb27ee90,TTR_50421b2ac7af,0.0,0.3019,keep_both,exact_content_sim=0.3019 < 0.8,True,Giáo dục vs Thể thao
TTR_2291565aad8e,VNN_c4f963e66e6b,0.0333,0.3019,keep_both,exact_content_sim=0.3019 < 0.8,True,Kinh doanh vs Giáo dục
VNN_01aee8914aa5,VNN_38cb6c56939f,0.0,0.3019,keep_both,exact_content_sim=0.3019 < 0.8,False,
TTR_1cb95db5bcd5,TTR_885a268751c5,0.0,0.3016,keep_both,exact_content_sim=0.3016 < 0.8,True,Giáo dục vs Kinh doanh
TTR_8bea6038870c,TTR_e0de9aaf6c32,0.0417,0.3016,keep_both,exact_content_sim=0.3016 < 0.8,False,
VNN_72e7602be3a8,VNN_e05b02b87584,0.0,0.3016,keep_both,exact_content_sim=0.3016 < 0.8,True,Giáo dục vs Kinh doanh
VNE_e960f8c1a48e,VNN_efd0761d85c8,0.0,0.3015,keep_both,exact_content_sim=0.3015 < 0.8,True,Sức khỏe vs Khoa học công nghệ
TTR_ba45ea75ef65,VNE_fbd2d0539754,0.0,0.3014,keep_both,exact_content_sim=0.3014 < 0.8,False,
TTR_77afa28335ba,TTR_7baaa96091fd,0.0,0.3013,keep_both,exact_content_sim=0.3013 < 0.8,False,
TTR_73348b327f50,VNE_c25e9809a733,0.0,0.3012,keep_both,exact_content_sim=0.3012 < 0.8,True,Giải trí vs Khoa học công nghệ
TTR_c2c30054093e,VNN_4dd6d6fa63c1,0.0,0.3012,keep_both,exact_content_sim=0.3012 < 0.8,True,Khoa học công nghệ vs Kinh doanh
TTR_cfc2f1513bd7,TTR_eb1dae651cb8,0.0286,0.3011,keep_both,exact_content_sim=0.3011 < 0.8,True,Kinh doanh vs Giáo dục
TTR_10c6fa93fd3e,VNE_94d60a0b6e1a,0.0333,0.301,keep_both,exact_content_sim=0.301 < 0.8,True,Giáo dục vs Sức khỏe
TTR_6214f308b653,TTR_c5df2121e0cd,0.0,0.3009,keep_both,exact_content_sim=0.3009 < 0.8,True,Thể thao vs Kinh doanh
TTR_dcc65ce1ef25,TTR_ec83d959dac4,0.0312,0.3009,keep_both,exact_content_sim=0.3009 < 0.8,True,Kinh doanh vs Pháp luật
VNE_df4387a08f8e,VNN_fe7e597565d7,0.0,0.3007,keep_both,exact_content_sim=0.3007 < 0.8,True,Sức khỏe vs Giáo dục
TTR_109250100577,VNE_739be07475af,0.0357,0.3005,keep_both,exact_content_sim=0.3005 < 0.8,True,Giáo dục vs Kinh doanh
VNE_ce7c9df9e46b,VNN_54d65110ae69,0.0385,0.3005,keep_both,exact_content_sim=0.3005 < 0.8,True,Pháp luật vs Kinh doanh
TTR_c2c30054093e,TTR_ee601d4f83ca,0.0,0.3003,keep_both,exact_content_sim=0.3003 < 0.8,True,Khoa học công nghệ vs Kinh doanh
TTR_564b3f3ce4a1,VNN_588e82d6ac3c,0.0,0.3002,keep_both,exact_content_sim=0.3002 < 0.8,True,Pháp luật vs Khoa học công nghệ
TTR_81232136ed5a,TTR_be35aecb6acb,0.0,0.3002,keep_both,exact_content_sim=0.3002 < 0.8,True,Sức khỏe vs Kinh doanh
VNE_22e18ec13c0a,VNN_a8fe6fa0d245,0.0625,0.3002,keep_both,exact_content_sim=0.3002 < 0.8,False,
TTR_0ef5f008d35d,VNE_22ef07f42dff,0.0,0.3,keep_both,exact_content_sim=0.3 < 0.8,True,Kinh doanh vs Sức khỏe
TTR_564b3f3ce4a1,VNE_ff07454e4309,0.0541,0.3,keep_both,exact_content_sim=0.3 < 0.8,False,
TTR_5951c287a02b,TTR_a42d6605ba8c,0.0,0.3,keep_both,exact_content_sim=0.3 < 0.8,True,Giáo dục vs Kinh doanh
TTR_5951c287a02b,VNN_5401b4b72006,0.069,0.3,keep_both,exact_content_sim=0.3 < 0.8,True,Giáo dục vs Kinh doanh
TTR_eec192df2246,VNE_5d2e5d3142ee,0.0417,0.3,keep_both,exact_content_sim=0.3 < 0.8,False,
VNN_0eb78abce67b,VNN_bff40d895c49,0.0,0.3,keep_both,exact_content_sim=0.3 < 0.8,False,
TTR_21dd0a4989bd,VNE_edacc91d9687,0.0,0.2998,keep_both,exact_content_sim=0.2998 < 0.8,False,
TTR_aa77ee5c3cd8,VNE_4e91eeb321f4,0.0303,0.2998,keep_both,exact_content_sim=0.2998 < 0.8,False,
TTR_abf375384d19,VNN_588e82d6ac3c,0.0,0.2998,keep_both,exact_content_sim=0.2998 < 0.8,True,Kinh doanh vs Khoa học công nghệ
TTR_d2ba8939db96,VNN_de6eab30712a,0.0,0.2997,keep_both,exact_content_sim=0.2997 < 0.8,True,Giáo dục vs Kinh doanh
TTR_935bbab9c7cb,VNN_5401b4b72006,0.0857,0.2995,keep_both,exact_content_sim=0.2995 < 0.8,True,Sức khỏe vs Kinh doanh
TTR_9818387742d7,TTR_edfdfbd83f16,0.0,0.2995,keep_both,exact_content_sim=0.2995 < 0.8,True,Khoa học công nghệ vs Giải trí
VNE_7ff787712059,VNE_fbd6faf797db,0.0625,0.2993,keep_both,exact_content_sim=0.2993 < 0.8,False,
VNN_86acc2ae65b5,VNN_fe6477a95492,0.0,0.2991,keep_both,exact_content_sim=0.2991 < 0.8,True,Kinh doanh vs Giáo dục
VNE_0841c89b6796,VNE_4442f63cce65,0.0385,0.299,keep_both,exact_content_sim=0.299 < 0.8,False,
VNE_29c1c26191f7,VNE_b1917be1d038,0.0556,0.299,keep_both,exact_content_sim=0.299 < 0.8,False,
TTR_c16ef11fb3da,VNN_10d508917a41,0.0,0.2989,keep_both,exact_content_sim=0.2989 < 0.8,True,Kinh doanh vs Giáo dục
TTR_0af0cc97c349,VNN_b59aed693953,0.0,0.2986,keep_both,exact_content_sim=0.2986 < 0.8,True,Kinh doanh vs Thể thao
TTR_9818387742d7,VNE_e85902068ece,0.0,0.2986,keep_both,exact_content_sim=0.2986 < 0.8,True,Khoa học công nghệ vs Kinh doanh
VNE_12a07f9b7f50,VNE_7be8bb7ac532,0.0,0.2986,keep_both,exact_content_sim=0.2986 < 0.8,False,
TTR_ac971d4e7062,TTR_c1a49fea2a34,0.1515,0.2985,keep_both,exact_content_sim=0.2985 < 0.8,False,
VNE_797ea821d0e0,VNE_ffabfb3aa717,0.0,0.2985,keep_both,exact_content_sim=0.2985 < 0.8,True,Kinh doanh vs Khoa học công nghệ
TTR_3bb868a62dad,VNE_a677114ff81c,0.0,0.2984,keep_both,exact_content_sim=0.2984 < 0.8,True,Giáo dục vs Pháp luật
TTR_f11323b45fc3,VNE_7aee1ede0e6c,0.0,0.2983,keep_both,exact_content_sim=0.2983 < 0.8,True,Sức khỏe vs Kinh doanh
TTR_5d92864d1b4c,VNN_d09e2c135044,0.0,0.2981,keep_both,exact_content_sim=0.2981 < 0.8,True,Thể thao vs Khoa học công nghệ
TTR_812d2694edeb,VNE_a45cc121c459,0.0,0.2981,keep_both,exact_content_sim=0.2981 < 0.8,False,
VNE_15708243437b,VNN_5401b4b72006,0.0,0.2981,keep_both,exact_content_sim=0.2981 < 0.8,False,
TTR_73348b327f50,VNE_3214764f93fc,0.0,0.298,keep_both,exact_content_sim=0.298 < 0.8,True,Giải trí vs Giáo dục
VNE_ccf5fa48c1cd,VNN_be8f0a5c1565,0.0,0.298,keep_both,exact_content_sim=0.298 < 0.8,False,
TTR_683b540efaf2,TTR_b2992ad8d3db,0.0294,0.2978,keep_both,exact_content_sim=0.2978 < 0.8,False,
TTR_afb8126f24e7,VNN_1fdfadf76d23,0.0741,0.2978,keep_both,exact_content_sim=0.2978 < 0.8,False,
TTR_d4891f7b0210,VNN_60ea9f34e464,0.037,0.2978,keep_both,exact_content_sim=0.2978 < 0.8,True,Pháp luật vs Giáo dục
VNN_3ce4b74f4bca,VNN_d1e14ed7a015,0.0,0.2978,keep_both,exact_content_sim=0.2978 < 0.8,False,
TTR_0af0cc97c349,VNE_dd58dd412be3,0.0,0.2976,keep_both,exact_content_sim=0.2976 < 0.8,True,Kinh doanh vs Khoa học công nghệ
TTR_25f27e9bc790,VNN_211ae524e878,0.0,0.2976,keep_both,exact_content_sim=0.2976 < 0.8,True,Kinh doanh vs Sức khỏe
VNE_70345aad1ecb,VNE_da66cc2359d1,0.0,0.2976,keep_both,exact_content_sim=0.2976 < 0.8,False,
TTR_9691c3731ef9,TTR_ef224b876d14,0.0333,0.2975,keep_both,exact_content_sim=0.2975 < 0.8,True,Giáo dục vs Thể thao
VNN_73ece52e5117,VNN_9505f74ada51,0.027,0.2975,keep_both,exact_content_sim=0.2975 < 0.8,True,Khoa học công nghệ vs Giáo dục
TTR_2a96fd0fb05f,TTR_61da6a157bd6,0.0333,0.2974,keep_both,exact_content_sim=0.2974 < 0.8,True,Giáo dục vs Thể thao
VNE_99d535220c07,VNN_f6d1cd804f9a,0.037,0.2974,keep_both,exact_content_sim=0.2974 < 0.8,True,Kinh doanh vs Giáo dục
VNE_99d535220c07,VNN_3638c1569774,0.0312,0.2973,keep_both,exact_content_sim=0.2973 < 0.8,True,Kinh doanh vs Giáo dục
TTR_a785f7b60854,VNE_69d70d76f82d,0.0357,0.2971,keep_both,exact_content_sim=0.2971 < 0.8,False,
TTR_cfc2f1513bd7,VNN_9f61aef27a15,0.0,0.2971,keep_both,exact_content_sim=0.2971 < 0.8,True,Kinh doanh vs Giáo dục
TTR_34d5bb321283,VNN_5401b4b72006,0.0,0.297,keep_both,exact_content_sim=0.297 < 0.8,True,Sức khỏe vs Kinh doanh
TTR_29fbb48c8c7e,VNE_91e50517590a,0.0,0.2968,keep_both,exact_content_sim=0.2968 < 0.8,True,Pháp luật vs Kinh doanh
TTR_61690c8978ba,TTR_7cf3541760c2,0.0,0.2966,keep_both,exact_content_sim=0.2966 < 0.8,True,Giáo dục vs Pháp luật
VNN_1f43917e7354,VNN_b1cc9f57bacf,0.0667,0.2966,keep_both,exact_content_sim=0.2966 < 0.8,False,
TTR_7aec8101d6b2,TTR_7cf3541760c2,0.0,0.2965,keep_both,exact_content_sim=0.2965 < 0.8,True,Sức khỏe vs Pháp luật
TTR_9ae608ac3bd3,VNE_6045c83b3741,0.0,0.2965,keep_both,exact_content_sim=0.2965 < 0.8,True,Kinh doanh vs Khoa học công nghệ
VNE_e560bc1f9d65,VNN_9505f74ada51,0.0,0.2964,keep_both,exact_content_sim=0.2964 < 0.8,True,Giải trí vs Giáo dục
VNN_86acc2ae65b5,VNN_af9c3b03dd5d,0.0,0.2964,keep_both,exact_content_sim=0.2964 < 0.8,True,Kinh doanh vs Giáo dục
TTR_2d7620fe3a4c,VNE_48bd9fcbbf21,0.0,0.2963,keep_both,exact_content_sim=0.2963 < 0.8,False,
TTR_c50db2b30d7f,VNE_c2dd83c8bc34,0.0,0.2961,keep_both,exact_content_sim=0.2961 < 0.8,True,Sức khỏe vs Kinh doanh
VNN_852e59bc71b8,VNN_a3c9128b81d8,0.0263,0.2961,keep_both,exact_content_sim=0.2961 < 0.8,False,
TTR_b1687d46a047,VNE_f72d2626bacd,0.0,0.2958,keep_both,exact_content_sim=0.2958 < 0.8,False,
VNN_4f1135696f7b,VNN_b59aed693953,0.0,0.2958,keep_both,exact_content_sim=0.2958 < 0.8,True,Kinh doanh vs Thể thao
TTR_097cb4e5b018,TTR_c5df2121e0cd,0.0,0.2957,keep_both,exact_content_sim=0.2957 < 0.8,True,Sức khỏe vs Kinh doanh
VNE_0eeb82a6e59d,VNN_3be8680051e6,0.0323,0.2957,keep_both,exact_content_sim=0.2957 < 0.8,True,Khoa học công nghệ vs Kinh doanh
VNE_35f7e59f65cf,VNE_f096e2047023,0.1071,0.2957,keep_both,exact_content_sim=0.2957 < 0.8,False,
VNE_3214764f93fc,VNN_5401b4b72006,0.0357,0.2956,keep_both,exact_content_sim=0.2956 < 0.8,True,Giáo dục vs Kinh doanh
TTR_dbc9c866d799,VNN_7c109f347189,0.0,0.2955,keep_both,exact_content_sim=0.2955 < 0.8,True,Giải trí vs Giáo dục
TTR_e64d5e44d011,VNN_4502732842a4,0.0,0.2955,keep_both,exact_content_sim=0.2955 < 0.8,True,Sức khỏe vs Kinh doanh
VNE_e85902068ece,VNN_1a8e20d2eb5b,0.0,0.2954,keep_both,exact_content_sim=0.2954 < 0.8,True,Kinh doanh vs Khoa học công nghệ
VNE_f2767fd310aa,VNN_8b9261e793b5,0.0,0.2954,keep_both,exact_content_sim=0.2954 < 0.8,False,
VNE_d3576225db0e,VNE_de291b0f4449,0.0333,0.2953,keep_both,exact_content_sim=0.2953 < 0.8,True,Pháp luật vs Kinh doanh
TTR_903f2cd18471,VNN_205371b40246,0.0909,0.2952,keep_both,exact_content_sim=0.2952 < 0.8,False,
TTR_164c3f103d77,TTR_1a81045bbd3f,0.0,0.2951,keep_both,exact_content_sim=0.2951 < 0.8,True,Giáo dục vs Khoa học công nghệ
TTR_4d6cc5e3da2e,VNN_78b9dca1931c,0.0233,0.2951,keep_both,exact_content_sim=0.2951 < 0.8,True,Sức khỏe vs Giáo dục
VNE_17defb381b84,VNE_4739239d5927,0.0,0.2951,keep_both,exact_content_sim=0.2951 < 0.8,True,Giải trí vs Kinh doanh
VNE_7aee1ede0e6c,VNE_d3576225db0e,0.0,0.295,keep_both,exact_content_sim=0.295 < 0.8,True,Kinh doanh vs Pháp luật
TTR_51da48c27ba8,TTR_5298a92a5b8d,0.0312,0.2949,keep_both,exact_content_sim=0.2949 < 0.8,False,
VNE_0e5249109fea,VNE_5fb0a223feb7,0.0312,0.2949,keep_both,exact_content_sim=0.2949 < 0.8,True,Pháp luật vs Kinh doanh
TTR_27246e1ef0bb,VNE_80dd266821cb,0.0,0.2948,keep_both,exact_content_sim=0.2948 < 0.8,True,Kinh doanh vs Pháp luật
TTR_996e138c8bb0,VNE_e960f8c1a48e,0.0,0.2948,keep_both,exact_content_sim=0.2948 < 0.8,True,Giáo dục vs Sức khỏe
VNE_ca9b570f311f,VNN_f552321a18b0,0.0,0.2948,keep_both,exact_content_sim=0.2948 < 0.8,True,Thể thao vs Khoa học công nghệ
TTR_25f27e9bc790,TTR_3d655ae52bf0,0.0417,0.2946,keep_both,exact_content_sim=0.2946 < 0.8,False,
TTR_b1687d46a047,TTR_cfc2f1513bd7,0.0,0.2944,keep_both,exact_content_sim=0.2944 < 0.8,True,Giáo dục vs Kinh doanh
TTR_0af0cc97c349,VNN_8395683ea1e5,0.0476,0.2943,keep_both,exact_content_sim=0.2943 < 0.8,False,
TTR_116b1a586f25,VNN_7a78ed997366,0.0,0.2941,keep_both,exact_content_sim=0.2941 < 0.8,True,Kinh doanh vs Giáo dục
TTR_36950c2b0f4c,VNE_1448923c412b,0.0294,0.2941,keep_both,exact_content_sim=0.2941 < 0.8,True,Sức khỏe vs Khoa học công nghệ
TTR_77afa28335ba,TTR_cfc2f1513bd7,0.0513,0.2941,keep_both,exact_content_sim=0.2941 < 0.8,True,Giáo dục vs Kinh doanh
VNE_573a23da1edb,VNN_637769a41901,0.04,0.294,keep_both,exact_content_sim=0.294 < 0.8,True,Kinh doanh vs Giáo dục
VNE_a677114ff81c,VNE_f72d2626bacd,0.0714,0.294,keep_both,exact_content_sim=0.294 < 0.8,True,Pháp luật vs Giáo dục
VNE_c6af0ec1f4b9,VNN_9c6590c63ae0,0.0,0.294,keep_both,exact_content_sim=0.294 < 0.8,False,
TTR_0eec4ebee787,VNE_6afe4dd63cb2,0.0,0.2938,keep_both,exact_content_sim=0.2938 < 0.8,False,
VNE_2d803d1076c2,VNE_f7fc7f48402a,0.0,0.2938,keep_both,exact_content_sim=0.2938 < 0.8,True,Giải trí vs Sức khỏe
TTR_3f8c64b35eee,VNE_e1b29bf4edeb,0.0,0.2937,keep_both,exact_content_sim=0.2937 < 0.8,True,Kinh doanh vs Pháp luật
TTR_8ed95c414b13,VNE_86d29d31c9ef,0.0,0.2937,keep_both,exact_content_sim=0.2937 < 0.8,False,
TTR_22973a0c231e,VNE_3bef69217f5d,0.0,0.2936,keep_both,exact_content_sim=0.2936 < 0.8,False,
TTR_4d1174dee020,TTR_f5ea90224015,0.0,0.2936,keep_both,exact_content_sim=0.2936 < 0.8,True,Pháp luật vs Sức khỏe
TTR_f7661d0855eb,VNE_80dd266821cb,0.0,0.2936,keep_both,exact_content_sim=0.2936 < 0.8,True,Kinh doanh vs Pháp luật
TTR_33e793a54546,VNN_0eb78abce67b,0.0,0.2935,keep_both,exact_content_sim=0.2935 < 0.8,True,Khoa học công nghệ vs Kinh doanh
TTR_4d6cc5e3da2e,TTR_7a71d607b791,0.0,0.2935,keep_both,exact_content_sim=0.2935 < 0.8,True,Sức khỏe vs Kinh doanh
TTR_66707b2c840b,VNE_21c4b552f645,0.0,0.2935,keep_both,exact_content_sim=0.2935 < 0.8,False,
TTR_278334eb3f3c,TTR_eb2773b7a7b5,0.0,0.2934,keep_both,exact_content_sim=0.2934 < 0.8,True,Sức khỏe vs Pháp luật
VNN_8395683ea1e5,VNN_b59aed693953,0.0,0.2934,keep_both,exact_content_sim=0.2934 < 0.8,True,Kinh doanh vs Thể thao
VNE_7240006ed3ab,VNE_e33d46bd07a8,0.037,0.2932,keep_both,exact_content_sim=0.2932 < 0.8,True,Sức khỏe vs Khoa học công nghệ
TTR_568ae68cef74,VNN_cb08eb53c3e5,0.1786,0.2931,keep_both,exact_content_sim=0.2931 < 0.8,False,
VNN_519e5152f69a,VNN_d5d0368df5b3,0.0,0.2928,keep_both,exact_content_sim=0.2928 < 0.8,True,Giáo dục vs Giải trí
TTR_788ce11d3133,VNN_92198c063be6,0.0,0.2927,keep_both,exact_content_sim=0.2927 < 0.8,True,Sức khỏe vs Kinh doanh
TTR_4a23f514d37b,TTR_fb0cccb3ca21,0.0,0.2926,keep_both,exact_content_sim=0.2926 < 0.8,True,Sức khỏe vs Kinh doanh
TTR_7a71d607b791,TTR_8231d7cec2a4,0.0,0.2926,keep_both,exact_content_sim=0.2926 < 0.8,True,Kinh doanh vs Sức khỏe
TTR_3df181f6ee7f,TTR_fb0cccb3ca21,0.0,0.2925,keep_both,exact_content_sim=0.2925 < 0.8,True,Pháp luật vs Kinh doanh
VNN_01372f99afd8,VNN_f1c60338069b,0.0,0.2925,keep_both,exact_content_sim=0.2925 < 0.8,False,
TTR_a596ad95189a,VNE_acaf5f292d41,0.0,0.2924,keep_both,exact_content_sim=0.2924 < 0.8,True,Kinh doanh vs Thể thao
TTR_38ec0e1f596b,VNN_fe6477a95492,0.0,0.2923,keep_both,exact_content_sim=0.2923 < 0.8,False,
TTR_9394a16417ee,TTR_ab12899b9535,0.1,0.2923,keep_both,exact_content_sim=0.2923 < 0.8,False,
TTR_50421b2ac7af,TTR_877dc46d67a7,0.0,0.2922,keep_both,exact_content_sim=0.2922 < 0.8,True,Thể thao vs Giải trí
VNE_0b0121f0fd50,VNN_5f0c528c3fcc,0.069,0.2922,keep_both,exact_content_sim=0.2922 < 0.8,True,Sức khỏe vs Kinh doanh
VNN_940152e04087,VNN_c83744ff34ee,0.0323,0.2922,keep_both,exact_content_sim=0.2922 < 0.8,False,
TTR_7a71d607b791,VNN_3638c1569774,0.0,0.292,keep_both,exact_content_sim=0.292 < 0.8,True,Kinh doanh vs Giáo dục
VNE_ccf5fa48c1cd,VNN_54d65110ae69,0.037,0.292,keep_both,exact_content_sim=0.292 < 0.8,True,Khoa học công nghệ vs Kinh doanh
TTR_9d1a61d45f01,TTR_c62b1bff0f9e,0.0789,0.2918,keep_both,exact_content_sim=0.2918 < 0.8,False,
VNE_4b9a80bff531,VNN_16767bf452c1,0.04,0.2918,keep_both,exact_content_sim=0.2918 < 0.8,True,Kinh doanh vs Giáo dục
VNE_59c46c67c98d,VNE_741f49d1f010,0.0385,0.2918,keep_both,exact_content_sim=0.2918 < 0.8,True,Khoa học công nghệ vs Giáo dục
TTR_3bb868a62dad,TTR_cfc2f1513bd7,0.0,0.2917,keep_both,exact_content_sim=0.2917 < 0.8,True,Giáo dục vs Kinh doanh
TTR_3f8c64b35eee,VNE_d3576225db0e,0.0,0.2917,keep_both,exact_content_sim=0.2917 < 0.8,True,Kinh doanh vs Pháp luật
VNE_0e0318c0db52,VNE_bb574e8e1e54,0.0,0.2914,keep_both,exact_content_sim=0.2914 < 0.8,False,
VNE_27938228f0d2,VNN_6a46076a84f7,0.0,0.2914,keep_both,exact_content_sim=0.2914 < 0.8,False,
VNN_4f1135696f7b,VNN_8395683ea1e5,0.0476,0.2914,keep_both,exact_content_sim=0.2914 < 0.8,False,
TTR_77210301e3e0,VNN_92198c063be6,0.0323,0.2912,keep_both,exact_content_sim=0.2912 < 0.8,True,Sức khỏe vs Kinh doanh
TTR_f11323b45fc3,VNE_d3576225db0e,0.0,0.2912,keep_both,exact_content_sim=0.2912 < 0.8,True,Sức khỏe vs Pháp luật
TTR_564b3f3ce4a1,TTR_ee45f6d4f32b,0.0513,0.2911,keep_both,exact_content_sim=0.2911 < 0.8,True,Pháp luật vs Kinh doanh
TTR_eeae5cc742fc,VNN_4502732842a4,0.0,0.2911,keep_both,exact_content_sim=0.2911 < 0.8,True,Giáo dục vs Kinh doanh
VNN_0196b0580fd3,VNN_1428964fa9f4,0.0,0.2911,keep_both,exact_content_sim=0.2911 < 0.8,True,Khoa học công nghệ vs Giải trí
TTR_700a7b4297c5,VNE_c8cfa914c4a4,0.0,0.291,keep_both,exact_content_sim=0.291 < 0.8,False,
TTR_21554c0a9137,VNE_2afc93a7060c,0.0,0.2909,keep_both,exact_content_sim=0.2909 < 0.8,True,Giáo dục vs Pháp luật
TTR_daa0d1dd7d4f,VNN_4a62441e95f9,0.0,0.2906,keep_both,exact_content_sim=0.2906 < 0.8,True,Kinh doanh vs Sức khỏe
TTR_abf375384d19,VNE_7240006ed3ab,0.0,0.2905,keep_both,exact_content_sim=0.2905 < 0.8,True,Kinh doanh vs Sức khỏe
TTR_6849be780c60,VNE_e0e579cf094c,0.0,0.2902,keep_both,exact_content_sim=0.2902 < 0.8,True,Kinh doanh vs Giải trí
TTR_a1474b55df4a,VNE_cd80ee63238b,0.0,0.2902,keep_both,exact_content_sim=0.2902 < 0.8,False,
TTR_a42d6605ba8c,VNE_15708243437b,0.0,0.2902,keep_both,exact_content_sim=0.2902 < 0.8,False,
VNN_3569b2e802c0,VNN_3df740987fca,0.0,0.2902,keep_both,exact_content_sim=0.2902 < 0.8,False,
TTR_3f8c64b35eee,TTR_f11323b45fc3,0.0,0.2901,keep_both,exact_content_sim=0.2901 < 0.8,True,Kinh doanh vs Sức khỏe
TTR_72b8457a8244,VNN_fe7a001c5c0a,0.0,0.2901,keep_both,exact_content_sim=0.2901 < 0.8,True,Sức khỏe vs Khoa học công nghệ
TTR_741d40b49b31,VNN_645f3007109f,0.0244,0.2901,keep_both,exact_content_sim=0.2901 < 0.8,False,
TTR_c9649fd5bf17,VNE_8b2b6e0a1a20,0.0,0.2901,keep_both,exact_content_sim=0.2901 < 0.8,False,
TTR_aa0d953c992b,VNN_ea75dc407708,0.0303,0.29,keep_both,exact_content_sim=0.29 < 0.8,True,Kinh doanh vs Khoa học công nghệ
TTR_071c0a680af4,VNN_1a8e20d2eb5b,0.0,0.2898,keep_both,exact_content_sim=0.2898 < 0.8,True,Kinh doanh vs Khoa học công nghệ
VNE_e560bc1f9d65,VNN_73ece52e5117,0.0323,0.2898,keep_both,exact_content_sim=0.2898 < 0.8,True,Giải trí vs Khoa học công nghệ
VNE_1e497ed68de1,VNE_7aee1ede0e6c,0.0476,0.2897,keep_both,exact_content_sim=0.2897 < 0.8,True,Khoa học công nghệ vs Kinh doanh
TTR_36950c2b0f4c,VNE_b0a3c698a963,0.0,0.2895,keep_both,exact_content_sim=0.2895 < 0.8,True,Sức khỏe vs Khoa học công nghệ
TTR_3a35e7cc91a1,TTR_72e3df706c92,0.0256,0.2895,keep_both,exact_content_sim=0.2895 < 0.8,False,
VNN_85c28bea1d44,VNN_da1fe8ee8061,0.0,0.2895,keep_both,exact_content_sim=0.2895 < 0.8,True,Khoa học công nghệ vs Kinh doanh
TTR_881b8f235d07,TTR_d9a0f00816fa,0.0,0.2894,keep_both,exact_content_sim=0.2894 < 0.8,False,
TTR_8ae25790ae28,VNE_e560bc1f9d65,0.0,0.2894,keep_both,exact_content_sim=0.2894 < 0.8,True,Khoa học công nghệ vs Giải trí
TTR_da34eecbfc54,VNN_d1e14ed7a015,0.0,0.2894,keep_both,exact_content_sim=0.2894 < 0.8,False,
VNE_e33d46bd07a8,VNN_588e82d6ac3c,0.0,0.2894,keep_both,exact_content_sim=0.2894 < 0.8,False,
TTR_fcea1bf09ef4,VNE_3028576a7afe,0.0,0.2893,keep_both,exact_content_sim=0.2893 < 0.8,True,Thể thao vs Khoa học công nghệ
TTR_8d11e797d731,TTR_f5e3f0cd5093,0.0,0.2892,keep_both,exact_content_sim=0.2892 < 0.8,True,Pháp luật vs Giáo dục
VNE_ff07454e4309,VNN_1428964fa9f4,0.0,0.2892,keep_both,exact_content_sim=0.2892 < 0.8,True,Pháp luật vs Giải trí
TTR_fc563f29965c,VNN_39e161a39d07,0.0,0.2891,keep_both,exact_content_sim=0.2891 < 0.8,False,
VNE_7337b458092b,VNE_c2d3a933acdc,0.0,0.2889,keep_both,exact_content_sim=0.2889 < 0.8,True,Giáo dục vs Kinh doanh
TTR_79847618f4ac,VNE_750deb307e16,0.0,0.2887,keep_both,exact_content_sim=0.2887 < 0.8,True,Kinh doanh vs Pháp luật
TTR_f8987e9c98af,VNE_0b0121f0fd50,0.0333,0.2887,keep_both,exact_content_sim=0.2887 < 0.8,True,Kinh doanh vs Sức khỏe
VNE_a324329f6106,VNN_efd0761d85c8,0.0,0.2884,keep_both,exact_content_sim=0.2884 < 0.8,True,Pháp luật vs Khoa học công nghệ
VNE_b419bba4c3fe,VNE_da0a2a9c7ce7,0.0588,0.2883,keep_both,exact_content_sim=0.2883 < 0.8,True,Giải trí vs Kinh doanh
TTR_935bbab9c7cb,TTR_a42d6605ba8c,0.0,0.2882,keep_both,exact_content_sim=0.2882 < 0.8,True,Sức khỏe vs Kinh doanh
VNE_3ab57702fba4,VNN_69ceae05dfbe,0.0714,0.2882,keep_both,exact_content_sim=0.2882 < 0.8,True,Giáo dục vs Sức khỏe
TTR_6a98f547494f,VNN_c62ae5f3842a,0.0,0.2881,keep_both,exact_content_sim=0.2881 < 0.8,False,
VNE_50cf87bc15e3,VNE_75da691b0bc7,0.0385,0.2881,keep_both,exact_content_sim=0.2881 < 0.8,True,Khoa học công nghệ vs Kinh doanh
TTR_8231d7cec2a4,VNE_99d535220c07,0.0357,0.288,keep_both,exact_content_sim=0.288 < 0.8,True,Sức khỏe vs Kinh doanh
TTR_f22aae564211,VNN_5e424c7119ee,0.0,0.288,keep_both,exact_content_sim=0.288 < 0.8,True,Sức khỏe vs Kinh doanh
TTR_72b8457a8244,VNE_1448923c412b,0.0,0.2879,keep_both,exact_content_sim=0.2879 < 0.8,True,Sức khỏe vs Khoa học công nghệ
VNN_78b9dca1931c,VNN_f6d1cd804f9a,0.0,0.2879,keep_both,exact_content_sim=0.2879 < 0.8,False,
TTR_bd19688c9eb9,TTR_c36fa8a0c82a,0.0,0.2876,keep_both,exact_content_sim=0.2876 < 0.8,True,Pháp luật vs Giáo dục
TTR_886904b7b429,VNN_37789da34c46,0.0,0.2874,keep_both,exact_content_sim=0.2874 < 0.8,True,Kinh doanh vs Giáo dục
VNE_a639864c89a5,VNN_27aa4182ebd2,0.0,0.2874,keep_both,exact_content_sim=0.2874 < 0.8,True,Giải trí vs Sức khỏe
TTR_e3805f5ee123,VNN_4a334d99ab18,0.0,0.2872,keep_both,exact_content_sim=0.2872 < 0.8,True,Pháp luật vs Kinh doanh
VNE_de291b0f4449,VNN_336caef47a93,0.0,0.2872,keep_both,exact_content_sim=0.2872 < 0.8,False,
TTR_935bbab9c7cb,TTR_a04d5da7c315,0.0278,0.2871,keep_both,exact_content_sim=0.2871 < 0.8,True,Sức khỏe vs Kinh doanh
TTR_73c38e0ebfa3,VNN_a0d5125429a0,0.0714,0.287,keep_both,exact_content_sim=0.287 < 0.8,True,Pháp luật vs Giáo dục
TTR_9484eda84d87,VNE_04b04db25e03,0.0,0.287,keep_both,exact_content_sim=0.287 < 0.8,True,Sức khỏe vs Kinh doanh
TTR_94fcd71f8c82,VNN_b5df8421d6e1,0.0,0.287,keep_both,exact_content_sim=0.287 < 0.8,True,Sức khỏe vs Kinh doanh
VNE_e33d46bd07a8,VNN_1428964fa9f4,0.0417,0.2869,keep_both,exact_content_sim=0.2869 < 0.8,True,Khoa học công nghệ vs Giải trí
TTR_0e49d356869d,TTR_2d859dfd74c0,0.0312,0.2868,keep_both,exact_content_sim=0.2868 < 0.8,True,Giáo dục vs Kinh doanh
TTR_d50ff18874ec,VNN_9ff811ff3844,0.0417,0.2868,keep_both,exact_content_sim=0.2868 < 0.8,False,
VNE_dd58dd412be3,VNN_4f1135696f7b,0.0,0.2868,keep_both,exact_content_sim=0.2868 < 0.8,True,Khoa học công nghệ vs Kinh doanh
TTR_7f6654039138,VNE_5e91800d386e,0.0286,0.2863,keep_both,exact_content_sim=0.2863 < 0.8,True,Giáo dục vs Kinh doanh
TTR_f11323b45fc3,VNE_de291b0f4449,0.0,0.2863,keep_both,exact_content_sim=0.2863 < 0.8,True,Sức khỏe vs Kinh doanh
TTR_0baa00d17059,TTR_835af955c0e0,0.0312,0.286,keep_both,exact_content_sim=0.286 < 0.8,False,
TTR_568ae68cef74,TTR_ac5b82b1ecfd,0.0333,0.2857,keep_both,exact_content_sim=0.2857 < 0.8,True,Giáo dục vs Kinh doanh
TTR_5955d70793a7,VNE_3ab57702fba4,0.0,0.2857,keep_both,exact_content_sim=0.2857 < 0.8,True,Kinh doanh vs Giáo dục
TTR_91311ea2fb29,VNN_df7221ab4494,0.0,0.2857,keep_both,exact_content_sim=0.2857 < 0.8,True,Sức khỏe vs Khoa học công nghệ
TTR_8ae25790ae28,VNN_9505f74ada51,0.0714,0.2855,keep_both,exact_content_sim=0.2855 < 0.8,True,Khoa học công nghệ vs Giáo dục
TTR_53c5961fd8e3,VNE_dd16605919cb,0.0571,0.2854,keep_both,exact_content_sim=0.2854 < 0.8,True,Pháp luật vs Giáo dục
TTR_61690c8978ba,TTR_7aec8101d6b2,0.0,0.2854,keep_both,exact_content_sim=0.2854 < 0.8,True,Giáo dục vs Sức khỏe
TTR_935bbab9c7cb,VNN_5de6fc633df1,0.0,0.2853,keep_both,exact_content_sim=0.2853 < 0.8,True,Sức khỏe vs Giáo dục
TTR_fb0cccb3ca21,VNE_2dd93c097ca2,0.0,0.2852,keep_both,exact_content_sim=0.2852 < 0.8,True,Kinh doanh vs Khoa học công nghệ
TTR_bc6c0dcd2a5d,VNN_e17844bbc663,0.04,0.2851,keep_both,exact_content_sim=0.2851 < 0.8,False,
TTR_7a71d607b791,VNN_c3726a503f09,0.0,0.285,keep_both,exact_content_sim=0.285 < 0.8,True,Kinh doanh vs Thể thao
TTR_0edd6e428b09,TTR_a5f985c67fe1,0.0,0.2849,keep_both,exact_content_sim=0.2849 < 0.8,True,Pháp luật vs Kinh doanh
TTR_4d6cc5e3da2e,TTR_8231d7cec2a4,0.0244,0.2848,keep_both,exact_content_sim=0.2848 < 0.8,False,
TTR_619782fb698f,TTR_cfc2f1513bd7,0.0,0.2848,keep_both,exact_content_sim=0.2848 < 0.8,True,Giáo dục vs Kinh doanh
TTR_40ef5952e6b6,TTR_8d11e797d731,0.0,0.2847,keep_both,exact_content_sim=0.2847 < 0.8,True,Kinh doanh vs Pháp luật
TTR_5955d70793a7,VNN_69ceae05dfbe,0.0,0.2846,keep_both,exact_content_sim=0.2846 < 0.8,True,Kinh doanh vs Sức khỏe
TTR_9320dede5fc5,VNE_b10896edf453,0.025,0.2846,keep_both,exact_content_sim=0.2846 < 0.8,True,Giáo dục vs Pháp luật
VNE_23332953a611,VNN_b8d39038586e,0.0,0.2846,keep_both,exact_content_sim=0.2846 < 0.8,False,
TTR_c9889f20e142,VNE_b6a808b0b2a2,0.1,0.2844,keep_both,exact_content_sim=0.2844 < 0.8,False,
VNE_741f49d1f010,VNE_d3576225db0e,0.0333,0.2843,keep_both,exact_content_sim=0.2843 < 0.8,True,Giáo dục vs Pháp luật
VNN_556125a6586d,VNN_fcf12866cddb,0.0,0.2843,keep_both,exact_content_sim=0.2843 < 0.8,True,Kinh doanh vs Khoa học công nghệ
TTR_8219b8ac789a,VNE_a652ee1e9a77,0.0,0.2842,keep_both,exact_content_sim=0.2842 < 0.8,True,Kinh doanh vs Sức khỏe
TTR_221f8c335824,VNN_9505f74ada51,0.0,0.2841,keep_both,exact_content_sim=0.2841 < 0.8,True,Kinh doanh vs Giáo dục
TTR_fcc3961fe537,VNN_70d1322429af,0.04,0.284,keep_both,exact_content_sim=0.284 < 0.8,False,
VNE_d2d805c00dd1,VNN_f7441b81cfcf,0.0333,0.284,keep_both,exact_content_sim=0.284 < 0.8,False,
TTR_a62a7901c19f,VNE_7e90ae81c35c,0.0286,0.2839,keep_both,exact_content_sim=0.2839 < 0.8,True,Giáo dục vs Kinh doanh
TTR_38ec0e1f596b,TTR_cfc2f1513bd7,0.0,0.2838,keep_both,exact_content_sim=0.2838 < 0.8,True,Giáo dục vs Kinh doanh
TTR_8dc8a576c6fc,VNE_7c4592ab8558,0.0,0.2837,keep_both,exact_content_sim=0.2837 < 0.8,True,Giáo dục vs Giải trí
TTR_2d7620fe3a4c,TTR_843c327c2615,0.0,0.2836,keep_both,exact_content_sim=0.2836 < 0.8,True,Kinh doanh vs Pháp luật
TTR_6849be780c60,VNN_03c254e95d03,0.0,0.2836,keep_both,exact_content_sim=0.2836 < 0.8,False,
TTR_cfc2f1513bd7,VNN_86bbc7aa2423,0.0263,0.2835,keep_both,exact_content_sim=0.2835 < 0.8,True,Kinh doanh vs Giáo dục
TTR_8d11e797d731,TTR_9777a624afba,0.0,0.2833,keep_both,exact_content_sim=0.2833 < 0.8,False,
VNE_0cb270386ca6,VNE_2623a9896c46,0.0,0.2833,keep_both,exact_content_sim=0.2833 < 0.8,True,Kinh doanh vs Giáo dục
TTR_a42d6605ba8c,VNE_3214764f93fc,0.0,0.2832,keep_both,exact_content_sim=0.2832 < 0.8,True,Kinh doanh vs Giáo dục
TTR_a42d6605ba8c,VNE_c25e9809a733,0.0,0.2832,keep_both,exact_content_sim=0.2832 < 0.8,True,Kinh doanh vs Khoa học công nghệ
TTR_37257840c6dc,VNN_f0b494706f8b,0.0,0.2831,keep_both,exact_content_sim=0.2831 < 0.8,True,Giải trí vs Khoa học công nghệ
TTR_ee70d496989f,VNN_865cdc112877,0.0,0.2827,keep_both,exact_content_sim=0.2827 < 0.8,True,Kinh doanh vs Thể thao
VNE_59c46c67c98d,VNE_d3576225db0e,0.0,0.2827,keep_both,exact_content_sim=0.2827 < 0.8,True,Khoa học công nghệ vs Pháp luật
TTR_34d5bb321283,VNN_5de6fc633df1,0.0,0.2826,keep_both,exact_content_sim=0.2826 < 0.8,True,Sức khỏe vs Giáo dục
VNE_a324329f6106,VNE_e960f8c1a48e,0.0,0.2826,keep_both,exact_content_sim=0.2826 < 0.8,True,Pháp luật vs Sức khỏe
TTR_9b836749c8ef,TTR_b878d70fe124,0.0,0.2825,keep_both,exact_content_sim=0.2825 < 0.8,False,
VNE_265e72b5f7bf,VNN_79de92b28405,0.0,0.2825,keep_both,exact_content_sim=0.2825 < 0.8,True,Pháp luật vs Giải trí
TTR_90c8c2a25076,VNN_379b78240dfb,0.0,0.2824,keep_both,exact_content_sim=0.2824 < 0.8,True,Kinh doanh vs Pháp luật
TTR_bf8bd180aff4,VNE_406d93d5ef5c,0.037,0.2823,keep_both,exact_content_sim=0.2823 < 0.8,True,Giáo dục vs Kinh doanh
TTR_109250100577,VNN_10c0d16b9519,0.0,0.2822,keep_both,exact_content_sim=0.2822 < 0.8,True,Giáo dục vs Giải trí
TTR_2311d958e85d,VNE_ca9b570f311f,0.0,0.2822,keep_both,exact_content_sim=0.2822 < 0.8,True,Kinh doanh vs Thể thao
TTR_f7661d0855eb,VNN_9cef5a61a102,0.0,0.2821,keep_both,exact_content_sim=0.2821 < 0.8,True,Kinh doanh vs Khoa học công nghệ
VNE_73fddc5dd732,VNN_0eb78abce67b,0.0,0.282,keep_both,exact_content_sim=0.282 < 0.8,True,Sức khỏe vs Kinh doanh
VNE_3ea949f205b9,VNE_4f06ce68c468,0.0476,0.2819,keep_both,exact_content_sim=0.2819 < 0.8,False,
VNE_a9d430b053b7,VNN_6dc9fb2b1583,0.0526,0.2818,keep_both,exact_content_sim=0.2818 < 0.8,True,Giải trí vs Kinh doanh
VNE_aae4b26dc002,VNN_5c524439acf3,0.0,0.2817,keep_both,exact_content_sim=0.2817 < 0.8,True,Sức khỏe vs Giáo dục
TTR_985d2ae07571,VNN_01372f99afd8,0.0,0.2815,keep_both,exact_content_sim=0.2815 < 0.8,True,Khoa học công nghệ vs Kinh doanh
VNE_704e68aaa44b,VNN_c9e199df9ee3,0.0,0.2815,keep_both,exact_content_sim=0.2815 < 0.8,False,
TTR_b1564dcc5089,VNE_37e0b8a2fcb6,0.0,0.2813,keep_both,exact_content_sim=0.2813 < 0.8,True,Giải trí vs Sức khỏe
TTR_2e35b15228d0,TTR_6cac8a15e794,0.0,0.2812,keep_both,exact_content_sim=0.2812 < 0.8,True,Giải trí vs Kinh doanh
TTR_53c5961fd8e3,VNN_fdba3d2cf5a1,0.0263,0.2812,keep_both,exact_content_sim=0.2812 < 0.8,True,Pháp luật vs Sức khỏe
TTR_a5edc3a552a1,VNN_10c0d16b9519,0.0,0.2811,keep_both,exact_content_sim=0.2811 < 0.8,True,Kinh doanh vs Giải trí
TTR_054ddb9e1ed0,TTR_ce85e6cbe2bc,0.0417,0.281,keep_both,exact_content_sim=0.281 < 0.8,False,
TTR_843c327c2615,VNE_b012074a9921,0.0357,0.281,keep_both,exact_content_sim=0.281 < 0.8,True,Pháp luật vs Kinh doanh
TTR_4d6cc5e3da2e,VNN_f6d1cd804f9a,0.0513,0.2809,keep_both,exact_content_sim=0.2809 < 0.8,True,Sức khỏe vs Giáo dục
TTR_db80c643d71b,VNE_68346bcc7aeb,0.0323,0.2808,keep_both,exact_content_sim=0.2808 < 0.8,True,Kinh doanh vs Sức khỏe
TTR_e066c3e4911c,VNN_c490e3582833,0.0,0.2808,keep_both,exact_content_sim=0.2808 < 0.8,True,Giáo dục vs Pháp luật
VNE_82959b0139dd,VNE_f0fe9f4c9fc2,0.05,0.2808,keep_both,exact_content_sim=0.2808 < 0.8,False,
TTR_bbdda2e8cacf,VNN_8432030b690f,0.0,0.2807,keep_both,exact_content_sim=0.2807 < 0.8,False,
TTR_cfc2f1513bd7,VNN_af9c3b03dd5d,0.0,0.2807,keep_both,exact_content_sim=0.2807 < 0.8,True,Kinh doanh vs Giáo dục
VNE_7240006ed3ab,VNE_ff07454e4309,0.0294,0.2804,keep_both,exact_content_sim=0.2804 < 0.8,True,Sức khỏe vs Pháp luật
TTR_68c3d4c44ee2,VNE_f6d060a7faa0,0.0357,0.2803,keep_both,exact_content_sim=0.2803 < 0.8,True,Kinh doanh vs Khoa học công nghệ
TTR_da34eecbfc54,VNN_3ce4b74f4bca,0.0,0.2803,keep_both,exact_content_sim=0.2803 < 0.8,False,
VNE_1b304b60e1ad,VNE_cd6f9c48616c,0.04,0.2803,keep_both,exact_content_sim=0.2803 < 0.8,True,Khoa học công nghệ vs Kinh doanh
VNE_bc15689a1a99,VNN_560fd628edb9,0.0345,0.2802,keep_both,exact_content_sim=0.2802 < 0.8,True,Sức khỏe vs Giáo dục
TTR_8ec7e051a5cb,TTR_bf8bd180aff4,0.069,0.2801,keep_both,exact_content_sim=0.2801 < 0.8,True,Sức khỏe vs Giáo dục
VNE_99d535220c07,VNN_c108360a9899,0.0,0.2801,keep_both,exact_content_sim=0.2801 < 0.8,True,Kinh doanh vs Sức khỏe
VNE_ed57a7eb9569,VNN_0e9e12ca6229,0.0,0.2801,keep_both,exact_content_sim=0.2801 < 0.8,True,Sức khỏe vs Thể thao
TTR_4d6cc5e3da2e,VNN_c108360a9899,0.0,0.28,keep_both,exact_content_sim=0.28 < 0.8,False,
TTR_7edd931314f6,TTR_ac971d4e7062,0.0,0.2799,keep_both,exact_content_sim=0.2799 < 0.8,True,Kinh doanh vs Pháp luật
TTR_3cc086317ec9,VNN_def7a958bdb0,0.0286,0.2798,keep_both,exact_content_sim=0.2798 < 0.8,True,Giáo dục vs Sức khỏe
TTR_e24df00f7ee5,TTR_fc563f29965c,0.0,0.2798,keep_both,exact_content_sim=0.2798 < 0.8,True,Giáo dục vs Khoa học công nghệ
TTR_5b6a10523ca3,VNN_b38a1782790a,0.0,0.2797,keep_both,exact_content_sim=0.2797 < 0.8,False,
TTR_14d0e579acff,TTR_7a71d607b791,0.0,0.2796,keep_both,exact_content_sim=0.2796 < 0.8,True,Thể thao vs Kinh doanh
TTR_1a81045bbd3f,TTR_e9186f703e0c,0.0417,0.2794,keep_both,exact_content_sim=0.2794 < 0.8,True,Khoa học công nghệ vs Giáo dục
TTR_73348b327f50,TTR_a04d5da7c315,0.0,0.2794,keep_both,exact_content_sim=0.2794 < 0.8,True,Giải trí vs Kinh doanh
TTR_935bbab9c7cb,VNE_15708243437b,0.0,0.2794,keep_both,exact_content_sim=0.2794 < 0.8,True,Sức khỏe vs Kinh doanh
TTR_b1f26bbd0b0a,TTR_f8987e9c98af,0.0,0.2794,keep_both,exact_content_sim=0.2794 < 0.8,True,Sức khỏe vs Kinh doanh
TTR_097cb4e5b018,TTR_8f54f1860b27,0.0741,0.2792,keep_both,exact_content_sim=0.2792 < 0.8,True,Sức khỏe vs Giáo dục
TTR_f11323b45fc3,VNE_59c46c67c98d,0.0,0.2791,keep_both,exact_content_sim=0.2791 < 0.8,True,Sức khỏe vs Khoa học công nghệ
VNN_d87ec2a56ae3,VNN_efd0761d85c8,0.0,0.2789,keep_both,exact_content_sim=0.2789 < 0.8,True,Kinh doanh vs Khoa học công nghệ
TTR_36950c2b0f4c,VNE_3c72e7fed8be,0.0,0.2788,keep_both,exact_content_sim=0.2788 < 0.8,True,Sức khỏe vs Khoa học công nghệ
TTR_7ec371c4dfc9,VNE_d9f5ab43c8e2,0.0333,0.2784,keep_both,exact_content_sim=0.2784 < 0.8,False,
TTR_2f540c318b1c,VNE_21830f0d931d,0.0,0.2783,keep_both,exact_content_sim=0.2783 < 0.8,False,
TTR_9153a0dbb0dc,VNN_6a46076a84f7,0.027,0.2781,keep_both,exact_content_sim=0.2781 < 0.8,True,Pháp luật vs Kinh doanh
TTR_e43616d216d3,VNN_d783a85c1504,0.0357,0.2781,keep_both,exact_content_sim=0.2781 < 0.8,False,
VNE_2167dbaf43cc,VNE_af29ee38a924,0.0,0.2781,keep_both,exact_content_sim=0.2781 < 0.8,True,Thể thao vs Kinh doanh
TTR_61da6a157bd6,TTR_ad363bffae09,0.0323,0.278,keep_both,exact_content_sim=0.278 < 0.8,True,Thể thao vs Giáo dục
TTR_a37c93e026c7,VNN_f0b494706f8b,0.0,0.278,keep_both,exact_content_sim=0.278 < 0.8,True,Kinh doanh vs Khoa học công nghệ
VNE_21830f0d931d,VNE_e860ec200c51,0.0,0.278,keep_both,exact_content_sim=0.278 < 0.8,True,Kinh doanh vs Giáo dục
VNE_80dd266821cb,VNN_572576d30a37,0.0,0.2779,keep_both,exact_content_sim=0.2779 < 0.8,True,Pháp luật vs Giải trí
TTR_b1f26bbd0b0a,VNN_5f0c528c3fcc,0.1176,0.2778,keep_both,exact_content_sim=0.2778 < 0.8,True,Sức khỏe vs Kinh doanh
VNE_cb3651ced69b,VNN_254e7e367e10,0.0,0.2778,keep_both,exact_content_sim=0.2778 < 0.8,False,
TTR_fb2b7b657cc4,VNE_3c990161eaac,0.0417,0.2777,keep_both,exact_content_sim=0.2777 < 0.8,True,Kinh doanh vs Khoa học công nghệ
VNN_a3f8c24b9fdb,VNN_a4d5d71ae8d8,0.0323,0.2774,keep_both,exact_content_sim=0.2774 < 0.8,True,Giáo dục vs Sức khỏe
VNN_0eb78abce67b,VNN_ae85d68b64a2,0.0,0.2773,keep_both,exact_content_sim=0.2773 < 0.8,True,Kinh doanh vs Sức khỏe
TTR_097cb4e5b018,TTR_788ce11d3133,0.0303,0.2771,keep_both,exact_content_sim=0.2771 < 0.8,False,
TTR_564b3f3ce4a1,VNE_e33d46bd07a8,0.0667,0.2769,keep_both,exact_content_sim=0.2769 < 0.8,True,Pháp luật vs Khoa học công nghệ
TTR_7a71d607b791,VNN_c108360a9899,0.0,0.2769,keep_both,exact_content_sim=0.2769 < 0.8,True,Kinh doanh vs Sức khỏe
VNE_406d93d5ef5c,VNN_dcab684a0051,0.0455,0.2769,keep_both,exact_content_sim=0.2769 < 0.8,False,
TTR_3f8c64b35eee,VNN_b475d7f70aea,0.0417,0.2768,keep_both,exact_content_sim=0.2768 < 0.8,True,Kinh doanh vs Giáo dục
TTR_3f8c64b35eee,VNE_de291b0f4449,0.0,0.2766,keep_both,exact_content_sim=0.2766 < 0.8,False,
TTR_6310ee835f07,TTR_66ec575972f0,0.0278,0.2766,keep_both,exact_content_sim=0.2766 < 0.8,True,Sức khỏe vs Kinh doanh
VNE_d2d805c00dd1,VNN_f985f8470782,0.0357,0.2766,keep_both,exact_content_sim=0.2766 < 0.8,True,Pháp luật vs Kinh doanh
TTR_0b58029fb10a,TTR_21554c0a9137,0.0,0.2764,keep_both,exact_content_sim=0.2764 < 0.8,True,Kinh doanh vs Giáo dục
TTR_e2a037ad543a,VNE_acaf5f292d41,0.0,0.2764,keep_both,exact_content_sim=0.2764 < 0.8,True,Kinh doanh vs Thể thao
TTR_7ec371c4dfc9,TTR_c2c30054093e,0.0,0.2763,keep_both,exact_content_sim=0.2763 < 0.8,True,Kinh doanh vs Khoa học công nghệ
TTR_856c8e03f522,TTR_d6d06f085a04,0.0,0.2763,keep_both,exact_content_sim=0.2763 < 0.8,True,Kinh doanh vs Pháp luật
TTR_032694ccc453,VNE_fbd6faf797db,0.0,0.2762,keep_both,exact_content_sim=0.2762 < 0.8,True,Khoa học công nghệ vs Sức khỏe
TTR_34d5bb321283,TTR_73348b327f50,0.0,0.2761,keep_both,exact_content_sim=0.2761 < 0.8,True,Sức khỏe vs Giải trí
TTR_6cf4a46f3037,VNE_f6c7b9bca33b,0.0,0.2761,keep_both,exact_content_sim=0.2761 < 0.8,True,Kinh doanh vs Khoa học công nghệ
VNN_336caef47a93,VNN_b475d7f70aea,0.0,0.2761,keep_both,exact_content_sim=0.2761 < 0.8,True,Kinh doanh vs Giáo dục
TTR_6849be780c60,VNE_2e7bf5e2c52a,0.0385,0.276,keep_both,exact_content_sim=0.276 < 0.8,False,
TTR_f5e3f0cd5093,VNN_6b403a5ee922,0.0323,0.276,keep_both,exact_content_sim=0.276 < 0.8,True,Giáo dục vs Kinh doanh
TTR_4f374a1014d0,VNE_3ae3b3422535,0.0,0.2759,keep_both,exact_content_sim=0.2759 < 0.8,True,Sức khỏe vs Kinh doanh
TTR_a41b0bd5ef9d,VNN_62c84af65a1e,0.0294,0.2758,keep_both,exact_content_sim=0.2758 < 0.8,True,Khoa học công nghệ vs Kinh doanh
TTR_d60d41a42b7e,VNE_0b0121f0fd50,0.0,0.2758,keep_both,exact_content_sim=0.2758 < 0.8,True,Khoa học công nghệ vs Sức khỏe
TTR_9045d099a3b4,VNN_28b73ac56f33,0.0,0.2757,keep_both,exact_content_sim=0.2757 < 0.8,False,
TTR_c52a4119fde0,VNN_f32abc203910,0.0,0.2757,keep_both,exact_content_sim=0.2757 < 0.8,True,Kinh doanh vs Khoa học công nghệ
VNE_d3576225db0e,VNE_e1b29bf4edeb,0.0667,0.2757,keep_both,exact_content_sim=0.2757 < 0.8,False,
VNE_e3bf277caacd,VNN_1e38ae45768e,0.0,0.2757,keep_both,exact_content_sim=0.2757 < 0.8,True,Giải trí vs Kinh doanh
TTR_21dd0a4989bd,VNN_b2aa9d4b2751,0.0741,0.2756,keep_both,exact_content_sim=0.2756 < 0.8,False,
TTR_61da6a157bd6,VNE_184ae8d8fa7d,0.0,0.2756,keep_both,exact_content_sim=0.2756 < 0.8,False,
TTR_135c451a2612,VNN_0e9e12ca6229,0.0,0.2755,keep_both,exact_content_sim=0.2755 < 0.8,True,Sức khỏe vs Thể thao
TTR_3f8c64b35eee,VNE_741f49d1f010,0.0,0.2754,keep_both,exact_content_sim=0.2754 < 0.8,True,Kinh doanh vs Giáo dục
TTR_1ee2eb27ee90,TTR_4bdde42effd3,0.0,0.2753,keep_both,exact_content_sim=0.2753 < 0.8,True,Giáo dục vs Sức khỏe
TTR_b1f26bbd0b0a,TTR_d60d41a42b7e,0.027,0.2753,keep_both,exact_content_sim=0.2753 < 0.8,True,Sức khỏe vs Khoa học công nghệ
VNN_3638c1569774,VNN_c108360a9899,0.0,0.2753,keep_both,exact_content_sim=0.2753 < 0.8,True,Giáo dục vs Sức khỏe
TTR_ca126995f0dc,VNE_acaf5f292d41,0.0,0.2752,keep_both,exact_content_sim=0.2752 < 0.8,True,Kinh doanh vs Thể thao
TTR_8bea6038870c,VNN_d09e2c135044,0.0,0.275,keep_both,exact_content_sim=0.275 < 0.8,True,Pháp luật vs Khoa học công nghệ
TTR_6e8cfdf74c3d,TTR_fb2b7b657cc4,0.0333,0.2749,keep_both,exact_content_sim=0.2749 < 0.8,False,
VNE_acaf5f292d41,VNN_f7fadc015152,0.0357,0.2749,keep_both,exact_content_sim=0.2749 < 0.8,True,Thể thao vs Kinh doanh
TTR_75ba5cab1a69,VNE_e287d2d94948,0.0,0.2746,keep_both,exact_content_sim=0.2746 < 0.8,True,Kinh doanh vs Khoa học công nghệ
VNE_ccf5fa48c1cd,VNE_ce7c9df9e46b,0.0,0.2744,keep_both,exact_content_sim=0.2744 < 0.8,True,Khoa học công nghệ vs Pháp luật
TTR_1e763cf0c949,VNE_419aede62247,0.0,0.2743,keep_both,exact_content_sim=0.2743 < 0.8,True,Sức khỏe vs Pháp luật
TTR_a8a6b4b35808,VNN_1e38ae45768e,0.1154,0.2743,keep_both,exact_content_sim=0.2743 < 0.8,True,Giáo dục vs Kinh doanh
TTR_4d6cc5e3da2e,VNN_3638c1569774,0.0,0.2742,keep_both,exact_content_sim=0.2742 < 0.8,True,Sức khỏe vs Giáo dục
TTR_cc75017d4593,VNE_f1dd9b93a2f7,0.0,0.2742,keep_both,exact_content_sim=0.2742 < 0.8,True,Kinh doanh vs Khoa học công nghệ
VNE_e344ce97e8ab,VNN_fc9ec356ef7e,0.05,0.2742,keep_both,exact_content_sim=0.2742 < 0.8,False,
TTR_514ed1ec9e9a,VNN_5de6fc633df1,0.0,0.2741,keep_both,exact_content_sim=0.2741 < 0.8,True,Kinh doanh vs Giáo dục
VNE_59c46c67c98d,VNN_336caef47a93,0.0,0.2741,keep_both,exact_content_sim=0.2741 < 0.8,True,Khoa học công nghệ vs Kinh doanh
TTR_b863f1a2d960,VNN_6bff67df3fbb,0.0645,0.2739,keep_both,exact_content_sim=0.2739 < 0.8,True,Pháp luật vs Kinh doanh
VNE_6c5719b73143,VNE_6f773a0e7d2d,0.0,0.2739,keep_both,exact_content_sim=0.2739 < 0.8,True,Khoa học công nghệ vs Giáo dục
VNE_c2dd83c8bc34,VNN_fe7e597565d7,0.0,0.2739,keep_both,exact_content_sim=0.2739 < 0.8,True,Kinh doanh vs Giáo dục
VNN_ac253779c07a,VNN_e75c3c0be630,0.0,0.2739,keep_both,exact_content_sim=0.2739 < 0.8,True,Sức khỏe vs Giáo dục
TTR_1f9c89c667cf,VNN_e564b4a31dea,0.0,0.2738,keep_both,exact_content_sim=0.2738 < 0.8,True,Sức khỏe vs Kinh doanh
TTR_8f6300e2f6c2,VNE_aa594794d767,0.0,0.2736,keep_both,exact_content_sim=0.2736 < 0.8,True,Sức khỏe vs Giải trí
TTR_ec83d959dac4,VNN_08717ebd77e0,0.0,0.2736,keep_both,exact_content_sim=0.2736 < 0.8,True,Pháp luật vs Giáo dục
TTR_5164a1c256f9,TTR_671d72945fe0,0.0,0.2735,keep_both,exact_content_sim=0.2735 < 0.8,True,Sức khỏe vs Pháp luật
TTR_650840b805b2,VNN_7c02e65abdd7,0.0571,0.2735,keep_both,exact_content_sim=0.2735 < 0.8,True,Pháp luật vs Kinh doanh
VNE_04fd82d5f934,VNE_e3bf277caacd,0.0909,0.2735,keep_both,exact_content_sim=0.2735 < 0.8,True,Thể thao vs Giải trí
TTR_ee45f6d4f32b,VNE_1b00c5e09ed8,0.0,0.2734,keep_both,exact_content_sim=0.2734 < 0.8,True,Kinh doanh vs Thể thao
VNE_21830f0d931d,VNE_acd94d1e5510,0.0,0.2734,keep_both,exact_content_sim=0.2734 < 0.8,False,
VNE_7be8bb7ac532,VNE_f6d060a7faa0,0.0,0.2734,keep_both,exact_content_sim=0.2734 < 0.8,False,
TTR_43b6c8b31263,VNN_d13954d15513,0.0938,0.2733,keep_both,exact_content_sim=0.2733 < 0.8,False,
VNE_1e497ed68de1,VNE_59c46c67c98d,0.0,0.2732,keep_both,exact_content_sim=0.2732 < 0.8,False,
VNN_08717ebd77e0,VNN_e923784ef285,0.1071,0.273,keep_both,exact_content_sim=0.273 < 0.8,False,
TTR_9818387742d7,VNN_1a8e20d2eb5b,0.0667,0.2729,keep_both,exact_content_sim=0.2729 < 0.8,False,
VNE_63894a36931c,VNE_ca9b570f311f,0.0,0.2729,keep_both,exact_content_sim=0.2729 < 0.8,True,Kinh doanh vs Thể thao
VNE_d3576225db0e,VNN_336caef47a93,0.0,0.2729,keep_both,exact_content_sim=0.2729 < 0.8,True,Pháp luật vs Kinh doanh
TTR_1346bd31963e,VNE_ad85c3e1507a,0.12,0.2727,keep_both,exact_content_sim=0.2727 < 0.8,True,Thể thao vs Kinh doanh
TTR_53a5186ab003,VNN_1cb3beca0f09,0.0312,0.2727,keep_both,exact_content_sim=0.2727 < 0.8,True,Pháp luật vs Khoa học công nghệ
VNE_009cefd12b5a,VNN_85576d003ca3,0.1923,0.2727,keep_both,exact_content_sim=0.2727 < 0.8,False,
VNE_5e91800d386e,VNE_eb6cfd2cd02e,0.0,0.2725,keep_both,exact_content_sim=0.2725 < 0.8,True,Kinh doanh vs Khoa học công nghệ
TTR_843c327c2615,VNE_48bd9fcbbf21,0.0,0.2724,keep_both,exact_content_sim=0.2724 < 0.8,True,Pháp luật vs Kinh doanh
VNE_59c46c67c98d,VNE_e1b29bf4edeb,0.0,0.2724,keep_both,exact_content_sim=0.2724 < 0.8,True,Khoa học công nghệ vs Pháp luật
TTR_33e793a54546,VNE_73fddc5dd732,0.0,0.2723,keep_both,exact_content_sim=0.2723 < 0.8,True,Khoa học công nghệ vs Sức khỏe
VNN_022f14b5e956,VNN_ee3ddc77abcf,0.0,0.2722,keep_both,exact_content_sim=0.2722 < 0.8,False,
TTR_9dd452a3ad84,VNE_457009a99698,0.1,0.2721,keep_both,exact_content_sim=0.2721 < 0.8,True,Giáo dục vs Kinh doanh
TTR_a42d6605ba8c,VNN_5401b4b72006,0.0,0.2721,keep_both,exact_content_sim=0.2721 < 0.8,False,
TTR_a8a6b4b35808,VNE_e3bf277caacd,0.0,0.2719,keep_both,exact_content_sim=0.2719 < 0.8,True,Giáo dục vs Giải trí
VNE_99d535220c07,VNN_c3726a503f09,0.0833,0.2719,keep_both,exact_content_sim=0.2719 < 0.8,True,Kinh doanh vs Thể thao
TTR_21cf421026e4,VNN_645f3007109f,0.0,0.2718,keep_both,exact_content_sim=0.2718 < 0.8,True,Sức khỏe vs Kinh doanh
TTR_790427d4fa40,VNE_288c71c5e582,0.0,0.2718,keep_both,exact_content_sim=0.2718 < 0.8,True,Kinh doanh vs Sức khỏe
TTR_d6d9426317a5,TTR_eec192df2246,0.0,0.2718,keep_both,exact_content_sim=0.2718 < 0.8,True,Pháp luật vs Kinh doanh
VNE_4bce62f9fe77,VNN_6434cd3ec901,0.0,0.2715,keep_both,exact_content_sim=0.2715 < 0.8,False,
VNE_9ab286bff5c2,VNN_dab46cfdd86e,0.0833,0.2715,keep_both,exact_content_sim=0.2715 < 0.8,False,
TTR_9e8775a904c5,TTR_f877b98be8f1,0.0,0.2714,keep_both,exact_content_sim=0.2714 < 0.8,True,Thể thao vs Giáo dục
VNE_7aee1ede0e6c,VNN_2d7b5ace1405,0.0,0.2712,keep_both,exact_content_sim=0.2712 < 0.8,True,Kinh doanh vs Giáo dục
TTR_33e793a54546,VNN_ae85d68b64a2,0.0,0.2711,keep_both,exact_content_sim=0.2711 < 0.8,True,Khoa học công nghệ vs Sức khỏe
TTR_387e4d27cc02,VNN_d55f62a1eec2,0.0,0.2711,keep_both,exact_content_sim=0.2711 < 0.8,True,Sức khỏe vs Kinh doanh
TTR_8443180440a8,TTR_f0bba49ebf4e,0.0278,0.2711,keep_both,exact_content_sim=0.2711 < 0.8,True,Pháp luật vs Kinh doanh
VNE_3b029e4ad5d9,VNN_5bbea101de0c,0.0,0.271,keep_both,exact_content_sim=0.271 < 0.8,True,Kinh doanh vs Giáo dục
TTR_92e8123c0cd3,VNN_de6ef199d1ec,0.0556,0.2709,keep_both,exact_content_sim=0.2709 < 0.8,False,
TTR_2ce27a9ffb05,TTR_d962eed95410,0.0345,0.2707,keep_both,exact_content_sim=0.2707 < 0.8,True,Kinh doanh vs Pháp luật
VNN_5e15dabda1cd,VNN_d4f86fbe782f,0.0,0.2706,keep_both,exact_content_sim=0.2706 < 0.8,True,Giáo dục vs Giải trí
VNN_dcbd31e9fca0,VNN_eb9b1e897767,0.0,0.2703,keep_both,exact_content_sim=0.2703 < 0.8,True,Giải trí vs Kinh doanh
VNE_a907119a7e99,VNE_dacea6263125,0.0476,0.2701,keep_both,exact_content_sim=0.2701 < 0.8,True,Kinh doanh vs Khoa học công nghệ
VNE_ce7c9df9e46b,VNN_be8f0a5c1565,0.0,0.27,keep_both,exact_content_sim=0.27 < 0.8,True,Pháp luật vs Khoa học công nghệ
TTR_d91ed27d376a,VNE_f02cd07d0c87,0.0333,0.2698,keep_both,exact_content_sim=0.2698 < 0.8,True,Pháp luật vs Sức khỏe
TTR_f8596945bdf2,VNE_d7012ba1de93,0.04,0.2698,keep_both,exact_content_sim=0.2698 < 0.8,False,
TTR_21554c0a9137,VNN_d65c717cf97b,0.0,0.2696,keep_both,exact_content_sim=0.2696 < 0.8,True,Giáo dục vs Sức khỏe
TTR_564b3f3ce4a1,TTR_abf375384d19,0.0,0.2696,keep_both,exact_content_sim=0.2696 < 0.8,True,Pháp luật vs Kinh doanh
TTR_d14b4ed36d67,VNN_c7ccb04d6951,0.0,0.2696,keep_both,exact_content_sim=0.2696 < 0.8,True,Sức khỏe vs Giải trí
TTR_437ab509085d,VNE_ea7e2d2d16fb,0.0,0.2695,keep_both,exact_content_sim=0.2695 < 0.8,True,Khoa học công nghệ vs Sức khỏe
TTR_514ba145e185,VNE_5197ed4a66c9,0.0,0.2695,keep_both,exact_content_sim=0.2695 < 0.8,True,Giải trí vs Kinh doanh
TTR_73348b327f50,VNN_5401b4b72006,0.0385,0.2695,keep_both,exact_content_sim=0.2695 < 0.8,True,Giải trí vs Kinh doanh
VNE_741f49d1f010,VNN_2d7b5ace1405,0.0357,0.2695,keep_both,exact_content_sim=0.2695 < 0.8,False,
TTR_e2f10f27e054,VNN_4c7ee705c1d9,0.0645,0.2694,keep_both,exact_content_sim=0.2694 < 0.8,False,
VNE_b11213a828cd,VNE_e53b81e9c493,0.0,0.2693,keep_both,exact_content_sim=0.2693 < 0.8,True,Giáo dục vs Pháp luật
TTR_8f6300e2f6c2,VNE_7c4592ab8558,0.0,0.2692,keep_both,exact_content_sim=0.2692 < 0.8,True,Sức khỏe vs Giải trí
TTR_989adb33a6bc,VNN_bff40d895c49,0.08,0.2692,keep_both,exact_content_sim=0.2692 < 0.8,True,Giáo dục vs Kinh doanh
TTR_4dc9ec11851e,VNN_183a6edbb288,0.0,0.2691,keep_both,exact_content_sim=0.2691 < 0.8,True,Giáo dục vs Kinh doanh
VNN_0196b0580fd3,VNN_588e82d6ac3c,0.0,0.2691,keep_both,exact_content_sim=0.2691 < 0.8,False,
TTR_4ccba3f72ea4,VNE_0bf22acaf06c,0.0,0.269,keep_both,exact_content_sim=0.269 < 0.8,True,Thể thao vs Giáo dục
TTR_8231d7cec2a4,VNN_3638c1569774,0.0,0.269,keep_both,exact_content_sim=0.269 < 0.8,True,Sức khỏe vs Giáo dục
TTR_89bcb52d2973,VNN_651a4feafdc8,0.0,0.269,keep_both,exact_content_sim=0.269 < 0.8,True,Kinh doanh vs Khoa học công nghệ
VNE_21830f0d931d,VNN_d9ae9fd9f24f,0.0,0.269,keep_both,exact_content_sim=0.269 < 0.8,False,
VNE_ccf5fa48c1cd,VNE_d8b4976887be,0.0,0.269,keep_both,exact_content_sim=0.269 < 0.8,True,Khoa học công nghệ vs Kinh doanh
VNN_4822ebe62bb5,VNN_d27b3a7df4e0,0.0,0.269,keep_both,exact_content_sim=0.269 < 0.8,False,
TTR_49c5008d0075,TTR_bab63b353f63,0.0,0.2689,keep_both,exact_content_sim=0.2689 < 0.8,True,Kinh doanh vs Pháp luật
TTR_723625fea4d2,TTR_d4891f7b0210,0.0,0.2689,keep_both,exact_content_sim=0.2689 < 0.8,True,Kinh doanh vs Pháp luật
VNE_7be8bb7ac532,VNN_88aed90bde31,0.0,0.2688,keep_both,exact_content_sim=0.2688 < 0.8,True,Khoa học công nghệ vs Giải trí
TTR_34d1ebcc4a6d,VNN_1bca539bc9ae,0.0,0.2687,keep_both,exact_content_sim=0.2687 < 0.8,False,
TTR_4d1174dee020,TTR_86ea48ad5ea5,0.0645,0.2687,keep_both,exact_content_sim=0.2687 < 0.8,True,Pháp luật vs Sức khỏe
TTR_985d2ae07571,VNN_f1c60338069b,0.0,0.2687,keep_both,exact_content_sim=0.2687 < 0.8,True,Khoa học công nghệ vs Kinh doanh
VNE_4504fe331c43,VNE_d9f5ab43c8e2,0.0,0.2687,keep_both,exact_content_sim=0.2687 < 0.8,True,Khoa học công nghệ vs Kinh doanh
VNE_f72d2626bacd,VNN_86acc2ae65b5,0.0,0.2687,keep_both,exact_content_sim=0.2687 < 0.8,True,Giáo dục vs Kinh doanh
TTR_0c3ad20048f5,VNE_e960f8c1a48e,0.0,0.2685,keep_both,exact_content_sim=0.2685 < 0.8,False,
TTR_a46b8615c61e,TTR_bdc82fae3505,0.0286,0.2685,keep_both,exact_content_sim=0.2685 < 0.8,True,Kinh doanh vs Giáo dục
VNN_ecffc2ca6afb,VNN_f1c60338069b,0.0312,0.2685,keep_both,exact_content_sim=0.2685 < 0.8,False,
TTR_62d70310c6cd,VNE_75da691b0bc7,0.0,0.2684,keep_both,exact_content_sim=0.2684 < 0.8,False,
TTR_21554c0a9137,VNE_d06f8440f006,0.0,0.2683,keep_both,exact_content_sim=0.2683 < 0.8,True,Giáo dục vs Khoa học công nghệ
TTR_33e793a54546,VNN_bff40d895c49,0.0,0.2683,keep_both,exact_content_sim=0.2683 < 0.8,True,Khoa học công nghệ vs Kinh doanh
TTR_564b3f3ce4a1,VNE_1b00c5e09ed8,0.0,0.2683,keep_both,exact_content_sim=0.2683 < 0.8,True,Pháp luật vs Thể thao
VNN_0ac47bdb3355,VNN_d4f86fbe782f,0.0,0.2683,keep_both,exact_content_sim=0.2683 < 0.8,True,Kinh doanh vs Giải trí
TTR_2311d958e85d,VNN_f552321a18b0,0.0357,0.2682,keep_both,exact_content_sim=0.2682 < 0.8,True,Kinh doanh vs Khoa học công nghệ
TTR_7c1c06426e8b,VNN_d406979381ca,0.0,0.2679,keep_both,exact_content_sim=0.2679 < 0.8,True,Giải trí vs Sức khỏe
TTR_44ba44aa6bf1,VNN_6bff67df3fbb,0.0,0.2677,keep_both,exact_content_sim=0.2677 < 0.8,True,Pháp luật vs Kinh doanh
TTR_8b117715efce,TTR_b0913cf2684e,0.1304,0.2677,keep_both,exact_content_sim=0.2677 < 0.8,False,
TTR_678bd3317acd,VNN_3b9cc136a8a6,0.0,0.2675,keep_both,exact_content_sim=0.2675 < 0.8,False,
TTR_a8a6b4b35808,VNE_04fd82d5f934,0.0357,0.2675,keep_both,exact_content_sim=0.2675 < 0.8,True,Giáo dục vs Thể thao
TTR_44ba44aa6bf1,TTR_b863f1a2d960,0.0286,0.2674,keep_both,exact_content_sim=0.2674 < 0.8,False,
VNE_f5f2ec511655,VNN_f6d8d4d6dddb,0.0,0.2674,keep_both,exact_content_sim=0.2674 < 0.8,False,
TTR_3df181f6ee7f,TTR_bd4a89d0834f,0.0,0.2673,keep_both,exact_content_sim=0.2673 < 0.8,True,Pháp luật vs Khoa học công nghệ
TTR_3f8c64b35eee,VNN_336caef47a93,0.0,0.2673,keep_both,exact_content_sim=0.2673 < 0.8,False,
VNN_077521906ad0,VNN_f414ddb3fbf2,0.0,0.2671,keep_both,exact_content_sim=0.2671 < 0.8,True,Kinh doanh vs Khoa học công nghệ
TTR_3ea621a56dd2,VNE_e910df32950a,0.0,0.267,keep_both,exact_content_sim=0.267 < 0.8,True,Sức khỏe vs Kinh doanh
VNE_1623860dfc3e,VNE_60c47d65b3b8,0.0,0.267,keep_both,exact_content_sim=0.267 < 0.8,False,
TTR_03322ede4e7a,VNE_8b2b6e0a1a20,0.0,0.2669,keep_both,exact_content_sim=0.2669 < 0.8,True,Giáo dục vs Kinh doanh
TTR_3ce8946aa96f,TTR_5f19174b83f9,0.0,0.2669,keep_both,exact_content_sim=0.2669 < 0.8,True,Giải trí vs Thể thao
TTR_935bbab9c7cb,VNE_3214764f93fc,0.0,0.2668,keep_both,exact_content_sim=0.2668 < 0.8,True,Sức khỏe vs Giáo dục
TTR_1b4c696af2fd,TTR_35b20e5a78e2,0.0,0.2667,keep_both,exact_content_sim=0.2667 < 0.8,True,Pháp luật vs Kinh doanh
TTR_1c4166d21ee1,VNE_4b9a80bff531,0.0357,0.2667,keep_both,exact_content_sim=0.2667 < 0.8,True,Sức khỏe vs Kinh doanh
TTR_ebcf537910dc,VNN_47d33801530d,0.0,0.2667,keep_both,exact_content_sim=0.2667 < 0.8,False,
TTR_abf375384d19,VNE_1b00c5e09ed8,0.0,0.2666,keep_both,exact_content_sim=0.2666 < 0.8,True,Kinh doanh vs Thể thao
VNE_1b00c5e09ed8,VNE_ff07454e4309,0.0,0.2666,keep_both,exact_content_sim=0.2666 < 0.8,True,Thể thao vs Pháp luật
TTR_440c9c624722,TTR_8a179b6925c7,0.0256,0.2665,keep_both,exact_content_sim=0.2665 < 0.8,True,Giáo dục vs Giải trí
VNE_8e84565b60f2,VNE_f29fbd4ea49b,0.125,0.2664,keep_both,exact_content_sim=0.2664 < 0.8,False,
TTR_205e528afe7b,TTR_bd4a89d0834f,0.0,0.2663,keep_both,exact_content_sim=0.2663 < 0.8,True,Giáo dục vs Khoa học công nghệ
TTR_62d70310c6cd,VNE_50cf87bc15e3,0.0,0.2663,keep_both,exact_content_sim=0.2663 < 0.8,True,Kinh doanh vs Khoa học công nghệ
TTR_72b8457a8244,TTR_e0a6948f35d2,0.0312,0.2663,keep_both,exact_content_sim=0.2663 < 0.8,True,Sức khỏe vs Khoa học công nghệ
TTR_ecc7f24fdf12,VNE_75b02ed31b13,0.0625,0.2663,keep_both,exact_content_sim=0.2663 < 0.8,False,
VNE_e33d46bd07a8,VNN_0196b0580fd3,0.0,0.2663,keep_both,exact_content_sim=0.2663 < 0.8,False,
TTR_126710097f5f,TTR_5bb76ce0179d,0.0333,0.2658,keep_both,exact_content_sim=0.2658 < 0.8,True,Sức khỏe vs Giáo dục
TTR_6af457b23931,TTR_876adbeee322,0.0,0.2658,keep_both,exact_content_sim=0.2658 < 0.8,True,Pháp luật vs Giải trí
VNE_261dbcd605a1,VNN_0dc73dbbd78e,0.0,0.2658,keep_both,exact_content_sim=0.2658 < 0.8,True,Sức khỏe vs Pháp luật
TTR_68c3d4c44ee2,VNE_7be8bb7ac532,0.0714,0.2657,keep_both,exact_content_sim=0.2657 < 0.8,True,Kinh doanh vs Khoa học công nghệ
VNE_8304d2a7c6e9,VNN_43d0366b102b,0.0385,0.2656,keep_both,exact_content_sim=0.2656 < 0.8,False,
VNE_845976bf209a,VNE_e0e579cf094c,0.0312,0.2656,keep_both,exact_content_sim=0.2656 < 0.8,True,Khoa học công nghệ vs Giải trí
VNE_3cb73a76a371,VNN_2fbd971a1e73,0.0,0.2655,keep_both,exact_content_sim=0.2655 < 0.8,True,Kinh doanh vs Sức khỏe
TTR_e3805f5ee123,VNN_84223413728b,0.0,0.2654,keep_both,exact_content_sim=0.2654 < 0.8,True,Pháp luật vs Sức khỏe
VNE_0eeb82a6e59d,VNE_ae533b313500,0.0,0.2654,keep_both,exact_content_sim=0.2654 < 0.8,True,Khoa học công nghệ vs Sức khỏe
TTR_8dc8a576c6fc,TTR_8f6300e2f6c2,0.0256,0.2653,keep_both,exact_content_sim=0.2653 < 0.8,True,Giáo dục vs Sức khỏe
TTR_a04d5da7c315,VNN_5401b4b72006,0.0,0.2651,keep_both,exact_content_sim=0.2651 < 0.8,False,
VNE_750deb307e16,VNN_d55e304bd1a2,0.0,0.2651,keep_both,exact_content_sim=0.2651 < 0.8,True,Pháp luật vs Kinh doanh
TTR_77afa28335ba,VNE_f72d2626bacd,0.0,0.265,keep_both,exact_content_sim=0.265 < 0.8,False,
TTR_0b58029fb10a,VNE_2afc93a7060c,0.0,0.2648,keep_both,exact_content_sim=0.2648 < 0.8,True,Kinh doanh vs Pháp luật
TTR_3aa2fb7a93db,VNE_8f0f8c7c20fe,0.037,0.2648,keep_both,exact_content_sim=0.2648 < 0.8,False,
VNE_547aa8610c47,VNN_617519a881b2,0.04,0.2648,keep_both,exact_content_sim=0.2648 < 0.8,True,Kinh doanh vs Sức khỏe
VNE_427aad43bdd3,VNN_d0f0dca01683,0.0,0.2646,keep_both,exact_content_sim=0.2646 < 0.8,False,
VNE_b4dbda92af93,VNE_fb9780f96639,0.0,0.2646,keep_both,exact_content_sim=0.2646 < 0.8,True,Giải trí vs Sức khỏe
TTR_3771a942675b,TTR_6cbef9a1a321,0.0,0.2645,keep_both,exact_content_sim=0.2645 < 0.8,True,Giải trí vs Kinh doanh
TTR_4d6cc5e3da2e,VNN_c3726a503f09,0.0263,0.2645,keep_both,exact_content_sim=0.2645 < 0.8,True,Sức khỏe vs Thể thao
TTR_f77a89ac00d9,VNE_2e7bf5e2c52a,0.0,0.2645,keep_both,exact_content_sim=0.2645 < 0.8,False,
TTR_5d92864d1b4c,TTR_8bea6038870c,0.0,0.2643,keep_both,exact_content_sim=0.2643 < 0.8,True,Thể thao vs Pháp luật
VNE_7240006ed3ab,VNN_0196b0580fd3,0.0,0.2643,keep_both,exact_content_sim=0.2643 < 0.8,True,Sức khỏe vs Khoa học công nghệ
TTR_7baaa96091fd,TTR_cfc2f1513bd7,0.0,0.2642,keep_both,exact_content_sim=0.2642 < 0.8,True,Giáo dục vs Kinh doanh
VNE_06e37273d8c8,VNE_a6514012d55e,0.0,0.2642,keep_both,exact_content_sim=0.2642 < 0.8,True,Giáo dục vs Pháp luật
TTR_085f14d5076f,VNN_535deff1e81a,0.0,0.2641,keep_both,exact_content_sim=0.2641 < 0.8,True,Giáo dục vs Kinh doanh
TTR_57e37f45bc61,TTR_a5edc3a552a1,0.0,0.2641,keep_both,exact_content_sim=0.2641 < 0.8,True,Pháp luật vs Kinh doanh
TTR_eb0eba931321,VNN_863e15cdd695,0.0,0.2641,keep_both,exact_content_sim=0.2641 < 0.8,True,Giải trí vs Khoa học công nghệ
TTR_5f96ba158633,TTR_a1a0d16b530a,0.0385,0.264,keep_both,exact_content_sim=0.264 < 0.8,False,
VNE_cb4a5cd28bbc,VNN_7b80d645d109,0.0333,0.2638,keep_both,exact_content_sim=0.2638 < 0.8,False,
VNE_c25e9809a733,VNN_5de6fc633df1,0.04,0.2637,keep_both,exact_content_sim=0.2637 < 0.8,True,Khoa học công nghệ vs Giáo dục
VNE_c6f0a9648be3,VNN_df7221ab4494,0.0,0.2637,keep_both,exact_content_sim=0.2637 < 0.8,True,Sức khỏe vs Khoa học công nghệ
VNE_df4269469620,VNN_651a4feafdc8,0.0,0.2637,keep_both,exact_content_sim=0.2637 < 0.8,True,Thể thao vs Khoa học công nghệ
VNN_2010cd8e70d3,VNN_c5a39be0c9e1,0.0,0.2637,keep_both,exact_content_sim=0.2637 < 0.8,True,Giáo dục vs Thể thao
TTR_741d7fb2a216,VNE_b051ce6de75c,0.0,0.2636,keep_both,exact_content_sim=0.2636 < 0.8,False,
VNE_59c46c67c98d,VNN_b475d7f70aea,0.0417,0.2636,keep_both,exact_content_sim=0.2636 < 0.8,True,Khoa học công nghệ vs Giáo dục
TTR_abf375384d19,VNE_ff07454e4309,0.0312,0.2635,keep_both,exact_content_sim=0.2635 < 0.8,True,Kinh doanh vs Pháp luật
VNN_2fbc15bce4a2,VNN_49e7626b7a80,0.0,0.2635,keep_both,exact_content_sim=0.2635 < 0.8,True,Giáo dục vs Khoa học công nghệ
VNN_2fbc15bce4a2,VNN_f6d8d4d6dddb,0.0,0.2634,keep_both,exact_content_sim=0.2634 < 0.8,True,Giáo dục vs Khoa học công nghệ
TTR_b9f669b53a43,TTR_d84c073b084c,0.0,0.2633,keep_both,exact_content_sim=0.2633 < 0.8,False,
TTR_daa0d1dd7d4f,VNN_645f3007109f,0.0,0.2633,keep_both,exact_content_sim=0.2633 < 0.8,False,
TTR_d50ff18874ec,VNE_b77a69e69b79,0.04,0.2632,keep_both,exact_content_sim=0.2632 < 0.8,False,
VNE_091287eebd4b,VNN_649912263210,0.0,0.2632,keep_both,exact_content_sim=0.2632 < 0.8,True,Kinh doanh vs Khoa học công nghệ
VNN_85c28bea1d44,VNN_e75c3c0be630,0.0,0.2632,keep_both,exact_content_sim=0.2632 < 0.8,True,Khoa học công nghệ vs Giáo dục
TTR_f11323b45fc3,VNE_741f49d1f010,0.0,0.2631,keep_both,exact_content_sim=0.2631 < 0.8,True,Sức khỏe vs Giáo dục
TTR_f7661d0855eb,VNE_e524a7d0eae1,0.0,0.2631,keep_both,exact_content_sim=0.2631 < 0.8,True,Kinh doanh vs Thể thao
TTR_c090296da94a,VNE_363829be667a,0.0,0.263,keep_both,exact_content_sim=0.263 < 0.8,True,Thể thao vs Kinh doanh
VNE_ffe2b170ca1d,VNN_e4269b069e94,0.1364,0.263,keep_both,exact_content_sim=0.263 < 0.8,False,
TTR_8bbcf9a81f1d,TTR_fb28ea2618aa,0.08,0.2629,keep_both,exact_content_sim=0.2629 < 0.8,False,
VNE_e910df32950a,VNE_f819845ab5f5,0.0,0.2625,keep_both,exact_content_sim=0.2625 < 0.8,True,Kinh doanh vs Pháp luật
TTR_ce7ed000ae03,VNN_eb6eb7d38a5f,0.0,0.2623,keep_both,exact_content_sim=0.2623 < 0.8,True,Sức khỏe vs Kinh doanh
VNE_f72d2626bacd,VNN_fe6477a95492,0.0,0.2623,keep_both,exact_content_sim=0.2623 < 0.8,False,
VNN_1a903d7c224a,VNN_a464b3ee6b9f,0.0256,0.2623,keep_both,exact_content_sim=0.2623 < 0.8,True,Kinh doanh vs Giải trí
TTR_028af8604d24,TTR_16b2e52e94a7,0.0,0.2621,keep_both,exact_content_sim=0.2621 < 0.8,True,Giáo dục vs Sức khỏe
TTR_2d7620fe3a4c,VNE_b012074a9921,0.0,0.2621,keep_both,exact_content_sim=0.2621 < 0.8,False,
VNE_1a9509565340,VNE_63894a36931c,0.0,0.262,keep_both,exact_content_sim=0.262 < 0.8,False,
TTR_5298a92a5b8d,TTR_89087aef868a,0.0714,0.2616,keep_both,exact_content_sim=0.2616 < 0.8,False,
TTR_8efba8ff1358,TTR_a1a0d16b530a,0.0,0.2616,keep_both,exact_content_sim=0.2616 < 0.8,True,Khoa học công nghệ vs Kinh doanh
VNN_12804df7a2a8,VNN_a6fcb637afdd,0.0,0.2615,keep_both,exact_content_sim=0.2615 < 0.8,True,Sức khỏe vs Pháp luật
TTR_ff194fa6d2b7,VNE_a9d430b053b7,0.0,0.2613,keep_both,exact_content_sim=0.2613 < 0.8,True,Kinh doanh vs Giải trí
VNE_124c67746787,VNN_ef45608ac98a,0.0333,0.2613,keep_both,exact_content_sim=0.2613 < 0.8,False,
VNE_3214764f93fc,VNN_5de6fc633df1,0.0357,0.2613,keep_both,exact_content_sim=0.2613 < 0.8,False,
TTR_44a1d4f73c30,VNE_27a8169aac94,0.0588,0.2612,keep_both,exact_content_sim=0.2612 < 0.8,True,Sức khỏe vs Pháp luật
TTR_cfc2f1513bd7,VNE_f72d2626bacd,0.027,0.2612,keep_both,exact_content_sim=0.2612 < 0.8,True,Kinh doanh vs Giáo dục
TTR_ec83d959dac4,VNN_e923784ef285,0.0,0.2612,keep_both,exact_content_sim=0.2612 < 0.8,True,Pháp luật vs Giáo dục
TTR_a785f7b60854,VNE_e0ebbc0c514f,0.0,0.2611,keep_both,exact_content_sim=0.2611 < 0.8,True,Kinh doanh vs Pháp luật
VNE_2167dbaf43cc,VNE_3ef66b99e0dc,0.1,0.2611,keep_both,exact_content_sim=0.2611 < 0.8,False,
VNE_de291b0f4449,VNN_2d7b5ace1405,0.0357,0.261,keep_both,exact_content_sim=0.261 < 0.8,True,Kinh doanh vs Giáo dục
TTR_2a33e879316a,VNN_e0a2dfa0ac80,0.1176,0.2609,keep_both,exact_content_sim=0.2609 < 0.8,True,Kinh doanh vs Khoa học công nghệ
TTR_f298bbd7ab38,VNE_85ef10694982,0.0833,0.2609,keep_both,exact_content_sim=0.2609 < 0.8,True,Pháp luật vs Sức khỏe
TTR_2cbdfe0aa1e2,TTR_7dd9e3da0d1b,0.0833,0.2605,keep_both,exact_content_sim=0.2605 < 0.8,False,
TTR_bc97740f05b0,VNE_ef91c87dfcb5,0.0,0.2604,keep_both,exact_content_sim=0.2604 < 0.8,True,Pháp luật vs Sức khỏe
TTR_ba45ea75ef65,TTR_d6170871e156,0.0323,0.2601,keep_both,exact_content_sim=0.2601 < 0.8,True,Kinh doanh vs Thể thao
VNE_1e497ed68de1,VNE_e1b29bf4edeb,0.0,0.2601,keep_both,exact_content_sim=0.2601 < 0.8,True,Khoa học công nghệ vs Pháp luật
VNE_ff35661eb6cb,VNN_85cc4e5e52aa,0.0323,0.26,keep_both,exact_content_sim=0.26 < 0.8,True,Pháp luật vs Kinh doanh
VNE_21830f0d931d,VNN_1d06fd48eb90,0.0,0.2599,keep_both,exact_content_sim=0.2599 < 0.8,False,
VNE_bbc1c71650af,VNN_de6ef199d1ec,0.05,0.2599,keep_both,exact_content_sim=0.2599 < 0.8,True,Kinh doanh vs Giáo dục
TTR_650840b805b2,VNE_3ae3b3422535,0.0588,0.2598,keep_both,exact_content_sim=0.2598 < 0.8,True,Pháp luật vs Kinh doanh
VNN_3638c1569774,VNN_c3726a503f09,0.0,0.2598,keep_both,exact_content_sim=0.2598 < 0.8,True,Giáo dục vs Thể thao
VNN_60b68c01d9c8,VNN_865cdc112877,0.0,0.2597,keep_both,exact_content_sim=0.2597 < 0.8,True,Giáo dục vs Thể thao
TTR_8231d7cec2a4,VNN_78b9dca1931c,0.0,0.2596,keep_both,exact_content_sim=0.2596 < 0.8,True,Sức khỏe vs Giáo dục
VNE_46771312486d,VNN_39236de1871f,0.0,0.2595,keep_both,exact_content_sim=0.2595 < 0.8,True,Kinh doanh vs Giáo dục
VNN_2d7b5ace1405,VNN_336caef47a93,0.0333,0.2595,keep_both,exact_content_sim=0.2595 < 0.8,True,Giáo dục vs Kinh doanh
TTR_8e87ed4be4c0,VNE_ca9b570f311f,0.0,0.2594,keep_both,exact_content_sim=0.2594 < 0.8,True,Giải trí vs Thể thao
VNE_63894a36931c,VNN_f552321a18b0,0.125,0.2593,keep_both,exact_content_sim=0.2593 < 0.8,True,Kinh doanh vs Khoa học công nghệ
VNN_4a62441e95f9,VNN_645f3007109f,0.0541,0.2593,keep_both,exact_content_sim=0.2593 < 0.8,True,Sức khỏe vs Kinh doanh
TTR_36950c2b0f4c,TTR_e0a6948f35d2,0.0,0.2592,keep_both,exact_content_sim=0.2592 < 0.8,True,Sức khỏe vs Khoa học công nghệ
VNE_d3576225db0e,VNN_2d7b5ace1405,0.0303,0.2592,keep_both,exact_content_sim=0.2592 < 0.8,True,Pháp luật vs Giáo dục
TTR_0133b65c04fc,VNE_1dfa5828f257,0.0,0.2591,keep_both,exact_content_sim=0.2591 < 0.8,True,Giáo dục vs Giải trí
TTR_ac971d4e7062,VNE_f2767fd310aa,0.0385,0.2591,keep_both,exact_content_sim=0.2591 < 0.8,True,Pháp luật vs Giáo dục
TTR_3df181f6ee7f,TTR_4a23f514d37b,0.0526,0.2588,keep_both,exact_content_sim=0.2588 < 0.8,True,Pháp luật vs Sức khỏe
VNE_72d1aad3b7f7,VNE_e910df32950a,0.0435,0.2588,keep_both,exact_content_sim=0.2588 < 0.8,True,Pháp luật vs Kinh doanh
VNN_47a546095e00,VNN_4869fa8e73f8,0.0,0.2588,keep_both,exact_content_sim=0.2588 < 0.8,False,
TTR_7349e869411f,VNN_79de92b28405,0.0,0.2587,keep_both,exact_content_sim=0.2587 < 0.8,True,Pháp luật vs Giải trí
TTR_8ec7e051a5cb,VNN_dcab684a0051,0.04,0.2587,keep_both,exact_content_sim=0.2587 < 0.8,True,Sức khỏe vs Kinh doanh
VNE_c2dd83c8bc34,VNE_df4387a08f8e,0.0345,0.2587,keep_both,exact_content_sim=0.2587 < 0.8,True,Kinh doanh vs Sức khỏe
TTR_6513c38aa90f,TTR_f7bffed7ce14,0.0,0.2586,keep_both,exact_content_sim=0.2586 < 0.8,True,Giáo dục vs Thể thao
VNE_1448923c412b,VNN_fe7a001c5c0a,0.0,0.2586,keep_both,exact_content_sim=0.2586 < 0.8,False,
TTR_82d8278869ff,TTR_8d603c482e75,0.0,0.2584,keep_both,exact_content_sim=0.2584 < 0.8,True,Kinh doanh vs Sức khỏe
TTR_e044645b0a03,VNN_535deff1e81a,0.0,0.2584,keep_both,exact_content_sim=0.2584 < 0.8,False,
TTR_86fcb804300c,VNE_ac80e77ee4f6,0.15,0.2582,keep_both,exact_content_sim=0.2582 < 0.8,False,
VNE_ad04fd5df29e,VNN_4a2756d1a8a3,0.0,0.2581,keep_both,exact_content_sim=0.2581 < 0.8,True,Kinh doanh vs Sức khỏe
VNE_e33d46bd07a8,VNE_ff07454e4309,0.0,0.2581,keep_both,exact_content_sim=0.2581 < 0.8,True,Khoa học công nghệ vs Pháp luật
TTR_0b58029fb10a,VNN_d65c717cf97b,0.0417,0.258,keep_both,exact_content_sim=0.258 < 0.8,True,Kinh doanh vs Sức khỏe
TTR_69357111ca73,TTR_8a179b6925c7,0.0323,0.258,keep_both,exact_content_sim=0.258 < 0.8,True,Kinh doanh vs Giải trí
TTR_b744a26db8d6,VNN_91b08ec4ef8d,0.0,0.2579,keep_both,exact_content_sim=0.2579 < 0.8,False,
VNE_84ec1b3dc782,VNN_e83fec68a0de,0.0,0.2579,keep_both,exact_content_sim=0.2579 < 0.8,False,
TTR_fc294d2996e7,VNE_f2767fd310aa,0.0,0.2578,keep_both,exact_content_sim=0.2578 < 0.8,True,Giải trí vs Giáo dục
TTR_a6aa31b19d0c,TTR_e2a037ad543a,0.0,0.2577,keep_both,exact_content_sim=0.2577 < 0.8,True,Pháp luật vs Kinh doanh
VNE_8304d2a7c6e9,VNN_59da7979d686,0.0741,0.2577,keep_both,exact_content_sim=0.2577 < 0.8,True,Giáo dục vs Giải trí
VNE_932233ed1554,VNN_6c6208526620,0.0,0.2577,keep_both,exact_content_sim=0.2577 < 0.8,True,Sức khỏe vs Kinh doanh
VNE_e1b29bf4edeb,VNN_336caef47a93,0.0,0.2577,keep_both,exact_content_sim=0.2577 < 0.8,True,Pháp luật vs Kinh doanh
TTR_b7962258ea53,TTR_d6d06f085a04,0.0256,0.2576,keep_both,exact_content_sim=0.2576 < 0.8,True,Sức khỏe vs Pháp luật
VNE_1e497ed68de1,VNN_2d7b5ace1405,0.0,0.2574,keep_both,exact_content_sim=0.2574 < 0.8,True,Khoa học công nghệ vs Giáo dục
TTR_b36e365a48da,TTR_d29f14292b7c,0.0312,0.2573,keep_both,exact_content_sim=0.2573 < 0.8,False,
VNE_80dd266821cb,VNN_9cef5a61a102,0.0,0.2572,keep_both,exact_content_sim=0.2572 < 0.8,True,Pháp luật vs Khoa học công nghệ
VNE_ce2f998d7722,VNN_bf4de65ff752,0.04,0.2571,keep_both,exact_content_sim=0.2571 < 0.8,False,
TTR_1af3fc567fce,VNE_0844fa84d2f9,0.0,0.257,keep_both,exact_content_sim=0.257 < 0.8,True,Kinh doanh vs Giáo dục
TTR_609f1ffb7f61,TTR_a072cf12d0e4,0.0,0.257,keep_both,exact_content_sim=0.257 < 0.8,True,Giải trí vs Giáo dục
TTR_7edd931314f6,VNN_8b9261e793b5,0.0606,0.257,keep_both,exact_content_sim=0.257 < 0.8,True,Kinh doanh vs Giáo dục
TTR_440c9c624722,TTR_69357111ca73,0.0,0.2569,keep_both,exact_content_sim=0.2569 < 0.8,True,Giáo dục vs Kinh doanh
TTR_62d2fed1263c,VNN_00a2165d9d12,0.0303,0.2569,keep_both,exact_content_sim=0.2569 < 0.8,False,
TTR_19a54eb45310,VNE_ec5c3eabcf94,0.0312,0.2568,keep_both,exact_content_sim=0.2568 < 0.8,True,Giáo dục vs Kinh doanh
VNE_6635ebec8287,VNE_7aebd8cea1cf,0.0,0.2568,keep_both,exact_content_sim=0.2568 < 0.8,False,
TTR_1346bd31963e,TTR_2e32a8cb0ea2,0.0,0.2567,keep_both,exact_content_sim=0.2567 < 0.8,True,Thể thao vs Giáo dục
TTR_ac971d4e7062,TTR_c10e50ac7298,0.0,0.2567,keep_both,exact_content_sim=0.2567 < 0.8,True,Pháp luật vs Kinh doanh
TTR_032694ccc453,VNE_7ff787712059,0.0294,0.2566,keep_both,exact_content_sim=0.2566 < 0.8,True,Khoa học công nghệ vs Sức khỏe
TTR_a2704a1514c2,VNN_d9121abfa983,0.0,0.2566,keep_both,exact_content_sim=0.2566 < 0.8,True,Khoa học công nghệ vs Sức khỏe
TTR_eeae5cc742fc,VNN_e564b4a31dea,0.0,0.2566,keep_both,exact_content_sim=0.2566 < 0.8,True,Giáo dục vs Kinh doanh
TTR_564b3f3ce4a1,VNN_0196b0580fd3,0.0,0.2565,keep_both,exact_content_sim=0.2565 < 0.8,True,Pháp luật vs Khoa học công nghệ
TTR_6849be780c60,VNE_7c506e715dd6,0.037,0.2565,keep_both,exact_content_sim=0.2565 < 0.8,True,Kinh doanh vs Giải trí
TTR_a835a7d2dda6,TTR_bd19688c9eb9,0.0857,0.2565,keep_both,exact_content_sim=0.2565 < 0.8,False,
VNE_1e497ed68de1,VNE_de291b0f4449,0.0,0.2565,keep_both,exact_content_sim=0.2565 < 0.8,True,Khoa học công nghệ vs Kinh doanh
TTR_8d11e797d731,VNE_1b304b60e1ad,0.0,0.2563,keep_both,exact_content_sim=0.2563 < 0.8,True,Pháp luật vs Khoa học công nghệ
TTR_4a23f514d37b,TTR_bd4a89d0834f,0.0,0.2561,keep_both,exact_content_sim=0.2561 < 0.8,True,Sức khỏe vs Khoa học công nghệ
VNE_3c72e7fed8be,VNN_fe7a001c5c0a,0.0455,0.2561,keep_both,exact_content_sim=0.2561 < 0.8,False,
VNE_7aee1ede0e6c,VNN_b475d7f70aea,0.0,0.256,keep_both,exact_content_sim=0.256 < 0.8,True,Kinh doanh vs Giáo dục
VNN_94fb436c8d05,VNN_aeb9dc18ac99,0.0,0.2557,keep_both,exact_content_sim=0.2557 < 0.8,False,
VNE_2c70cf04fe9b,VNN_c4f963e66e6b,0.0,0.2556,keep_both,exact_content_sim=0.2556 < 0.8,False,
TTR_8ec7e051a5cb,VNE_406d93d5ef5c,0.0385,0.2555,keep_both,exact_content_sim=0.2555 < 0.8,True,Sức khỏe vs Kinh doanh
VNE_0841c89b6796,VNE_f3208fb9ae43,0.0,0.2555,keep_both,exact_content_sim=0.2555 < 0.8,True,Khoa học công nghệ vs Sức khỏe
VNN_54d65110ae69,VNN_be8f0a5c1565,0.0,0.2552,keep_both,exact_content_sim=0.2552 < 0.8,True,Kinh doanh vs Khoa học công nghệ
TTR_f11323b45fc3,VNN_fd79c6050899,0.0,0.2546,keep_both,exact_content_sim=0.2546 < 0.8,True,Sức khỏe vs Khoa học công nghệ
TTR_f8596945bdf2,VNE_d2d805c00dd1,0.0,0.2546,keep_both,exact_content_sim=0.2546 < 0.8,True,Sức khỏe vs Pháp luật
VNE_741f49d1f010,VNE_7aee1ede0e6c,0.0,0.2545,keep_both,exact_content_sim=0.2545 < 0.8,True,Giáo dục vs Kinh doanh
TTR_0b58029fb10a,VNE_d06f8440f006,0.0526,0.2544,keep_both,exact_content_sim=0.2544 < 0.8,True,Kinh doanh vs Khoa học công nghệ
VNN_233d3983ebfb,VNN_9505f74ada51,0.0,0.2544,keep_both,exact_content_sim=0.2544 < 0.8,True,Sức khỏe vs Giáo dục
TTR_4f900060f2e1,VNE_a324329f6106,0.0,0.2543,keep_both,exact_content_sim=0.2543 < 0.8,True,Kinh doanh vs Pháp luật
TTR_d8d992a50d65,VNE_ae533b313500,0.0667,0.2541,keep_both,exact_content_sim=0.2541 < 0.8,True,Kinh doanh vs Sức khỏe
TTR_2b4edf2eaf4a,TTR_8d603c482e75,0.04,0.254,keep_both,exact_content_sim=0.254 < 0.8,True,Kinh doanh vs Sức khỏe
TTR_c1a49fea2a34,VNN_8b9261e793b5,0.0303,0.254,keep_both,exact_content_sim=0.254 < 0.8,True,Pháp luật vs Giáo dục
TTR_5c9a3b046474,VNE_4ddc24ad4e90,0.0,0.2538,keep_both,exact_content_sim=0.2538 < 0.8,True,Sức khỏe vs Giải trí
TTR_387e4d27cc02,VNN_62853b1a6372,0.0,0.2537,keep_both,exact_content_sim=0.2537 < 0.8,True,Sức khỏe vs Kinh doanh
TTR_90d8c589d06b,VNN_f3240782aefd,0.1,0.2536,keep_both,exact_content_sim=0.2536 < 0.8,True,Giáo dục vs Sức khỏe
TTR_0c3ad20048f5,VNE_a324329f6106,0.0,0.2531,keep_both,exact_content_sim=0.2531 < 0.8,True,Sức khỏe vs Pháp luật
TTR_73348b327f50,TTR_935bbab9c7cb,0.0,0.2531,keep_both,exact_content_sim=0.2531 < 0.8,True,Giải trí vs Sức khỏe
VNE_1e497ed68de1,VNN_336caef47a93,0.0,0.2531,keep_both,exact_content_sim=0.2531 < 0.8,True,Khoa học công nghệ vs Kinh doanh
TTR_3f8c64b35eee,VNN_2d7b5ace1405,0.0,0.253,keep_both,exact_content_sim=0.253 < 0.8,True,Kinh doanh vs Giáo dục
TTR_16b2e52e94a7,TTR_a7c3eae978bc,0.0,0.2529,keep_both,exact_content_sim=0.2529 < 0.8,True,Sức khỏe vs Pháp luật
TTR_27246e1ef0bb,VNN_572576d30a37,0.0,0.2529,keep_both,exact_content_sim=0.2529 < 0.8,True,Kinh doanh vs Giải trí
TTR_a04d5da7c315,TTR_a42d6605ba8c,0.0,0.2526,keep_both,exact_content_sim=0.2526 < 0.8,False,
TTR_bd2ecd56dc0c,VNN_be8f0a5c1565,0.0,0.2526,keep_both,exact_content_sim=0.2526 < 0.8,True,Thể thao vs Khoa học công nghệ
TTR_06bcdc5bfbc9,VNN_eeacc3971fa2,0.0,0.2525,keep_both,exact_content_sim=0.2525 < 0.8,True,Kinh doanh vs Khoa học công nghệ
TTR_b26b1f72268b,VNN_79de92b28405,0.0417,0.2525,keep_both,exact_content_sim=0.2525 < 0.8,False,
TTR_a4eb710e58ad,TTR_dbc9c866d799,0.0333,0.2524,keep_both,exact_content_sim=0.2524 < 0.8,True,Kinh doanh vs Giải trí
TTR_876adbeee322,TTR_eb70a83122cb,0.0588,0.2523,keep_both,exact_content_sim=0.2523 < 0.8,True,Giải trí vs Pháp luật
VNE_f4cf4f79ea22,VNN_177917b4c2eb,0.0952,0.2523,keep_both,exact_content_sim=0.2523 < 0.8,False,
TTR_a0f5a0f4fdca,TTR_d0fcc64b6256,0.0,0.2522,keep_both,exact_content_sim=0.2522 < 0.8,True,Giáo dục vs Kinh doanh
TTR_74a7344bfdc6,TTR_90c8c2a25076,0.0,0.2521,keep_both,exact_content_sim=0.2521 < 0.8,True,Thể thao vs Kinh doanh
VNE_4d85e20280f9,VNE_72d27e8c7e49,0.0417,0.2519,keep_both,exact_content_sim=0.2519 < 0.8,True,Pháp luật vs Giải trí
VNE_d06f8440f006,VNN_d65c717cf97b,0.0333,0.2519,keep_both,exact_content_sim=0.2519 < 0.8,True,Khoa học công nghệ vs Sức khỏe
TTR_4fd0feb8240e,VNN_14ebd870a141,0.0,0.2518,keep_both,exact_content_sim=0.2518 < 0.8,False,
TTR_4f900060f2e1,VNE_e960f8c1a48e,0.0,0.2516,keep_both,exact_content_sim=0.2516 < 0.8,True,Kinh doanh vs Sức khỏe
VNE_4bce62f9fe77,VNN_852e59bc71b8,0.0,0.2516,keep_both,exact_content_sim=0.2516 < 0.8,True,Thể thao vs Kinh doanh
VNE_5ed9386fe830,VNN_f6d8d4d6dddb,0.0,0.2514,keep_both,exact_content_sim=0.2514 < 0.8,True,Sức khỏe vs Khoa học công nghệ
TTR_5f96ba158633,TTR_8efba8ff1358,0.0,0.2511,keep_both,exact_content_sim=0.2511 < 0.8,True,Kinh doanh vs Khoa học công nghệ
TTR_8e9b61cb89b2,VNE_0f2f6c13f621,0.0,0.2511,keep_both,exact_content_sim=0.2511 < 0.8,True,Pháp luật vs Sức khỏe
TTR_14d0e579acff,VNN_c3726a503f09,0.0345,0.251,keep_both,exact_content_sim=0.251 < 0.8,False,
TTR_6214f308b653,TTR_8f54f1860b27,0.0,0.251,keep_both,exact_content_sim=0.251 < 0.8,True,Thể thao vs Giáo dục
TTR_7d25d60688bc,VNE_184ae8d8fa7d,0.0,0.2508,keep_both,exact_content_sim=0.2508 < 0.8,True,Kinh doanh vs Thể thao
VNE_1b00c5e09ed8,VNE_e33d46bd07a8,0.05,0.2508,keep_both,exact_content_sim=0.2508 < 0.8,True,Thể thao vs Khoa học công nghệ
VNE_d8b4976887be,VNN_54d65110ae69,0.0357,0.2506,keep_both,exact_content_sim=0.2506 < 0.8,False,
TTR_9e8775a904c5,VNN_02e5a8ee3d20,0.0,0.2505,keep_both,exact_content_sim=0.2505 < 0.8,True,Thể thao vs Giáo dục
TTR_abf375384d19,VNN_0196b0580fd3,0.0667,0.2505,keep_both,exact_content_sim=0.2505 < 0.8,True,Kinh doanh vs Khoa học công nghệ
VNE_32fa4c06d954,VNN_b0a5d369f130,0.0645,0.2505,keep_both,exact_content_sim=0.2505 < 0.8,True,Giáo dục vs Kinh doanh
VNE_f6d060a7faa0,VNN_88aed90bde31,0.0,0.2505,keep_both,exact_content_sim=0.2505 < 0.8,True,Khoa học công nghệ vs Giải trí
TTR_480b2604192c,TTR_ea318d26b8ec,0.0,0.2504,keep_both,exact_content_sim=0.2504 < 0.8,False,
TTR_7edd931314f6,TTR_fc294d2996e7,0.0,0.25,keep_both,exact_content_sim=0.25 < 0.8,True,Kinh doanh vs Giải trí
TTR_ce97b43d2682,TTR_f91127b279e9,0.0,0.25,keep_both,exact_content_sim=0.25 < 0.8,True,Sức khỏe vs Kinh doanh
VNE_1a9509565340,VNN_f552321a18b0,0.0,0.25,keep_both,exact_content_sim=0.25 < 0.8,True,Kinh doanh vs Khoa học công nghệ
VNE_927a9de90df5,VNE_a05554ccf227,0.05,0.25,keep_both,exact_content_sim=0.25 < 0.8,False,
TTR_c9889f20e142,VNE_d3906cc0b176,0.0,0.2497,keep_both,exact_content_sim=0.2497 < 0.8,False,
TTR_ee45f6d4f32b,VNE_e33d46bd07a8,0.0,0.2496,keep_both,exact_content_sim=0.2496 < 0.8,True,Kinh doanh vs Khoa học công nghệ
VNE_7c506e715dd6,VNE_e0e579cf094c,0.04,0.2493,keep_both,exact_content_sim=0.2493 < 0.8,False,
VNE_e287d2d94948,VNN_b38a1782790a,0.0,0.2493,keep_both,exact_content_sim=0.2493 < 0.8,True,Khoa học công nghệ vs Kinh doanh
VNE_10957292586b,VNE_c05a746ec53d,0.0,0.2492,keep_both,exact_content_sim=0.2492 < 0.8,True,Kinh doanh vs Giải trí
VNN_ae85d68b64a2,VNN_bff40d895c49,0.0,0.2491,keep_both,exact_content_sim=0.2491 < 0.8,True,Sức khỏe vs Kinh doanh
VNE_be2cb97beb84,VNN_580fcc478fd5,0.0,0.249,keep_both,exact_content_sim=0.249 < 0.8,True,Kinh doanh vs Sức khỏe
VNE_d8b4976887be,VNN_be8f0a5c1565,0.0,0.2488,keep_both,exact_content_sim=0.2488 < 0.8,True,Kinh doanh vs Khoa học công nghệ
VNE_ff07454e4309,VNN_0196b0580fd3,0.0,0.2488,keep_both,exact_content_sim=0.2488 < 0.8,True,Pháp luật vs Khoa học công nghệ
VNE_741f49d1f010,VNE_e1b29bf4edeb,0.0,0.2487,keep_both,exact_content_sim=0.2487 < 0.8,True,Giáo dục vs Pháp luật
VNN_5401b4b72006,VNN_5de6fc633df1,0.0323,0.2487,keep_both,exact_content_sim=0.2487 < 0.8,True,Kinh doanh vs Giáo dục
TTR_f31185201ff9,VNN_307e3606607f,0.0,0.2484,keep_both,exact_content_sim=0.2484 < 0.8,False,
TTR_269cbf889e82,TTR_b223ff324c4e,0.0,0.2483,keep_both,exact_content_sim=0.2483 < 0.8,False,
VNN_1f14299b2d6f,VNN_d2b6dfee5659,0.0,0.2481,keep_both,exact_content_sim=0.2481 < 0.8,True,Sức khỏe vs Giáo dục
TTR_a6aa31b19d0c,VNN_f7fadc015152,0.0541,0.2479,keep_both,exact_content_sim=0.2479 < 0.8,True,Pháp luật vs Kinh doanh
TTR_34d1ebcc4a6d,VNN_f6d8d4d6dddb,0.0,0.2478,keep_both,exact_content_sim=0.2478 < 0.8,True,Sức khỏe vs Khoa học công nghệ
TTR_f11323b45fc3,VNE_e1b29bf4edeb,0.0,0.2478,keep_both,exact_content_sim=0.2478 < 0.8,True,Sức khỏe vs Pháp luật
TTR_897db6bd18f2,VNN_3dff0d15fe94,0.0,0.2477,keep_both,exact_content_sim=0.2477 < 0.8,True,Kinh doanh vs Giáo dục
TTR_2e35b15228d0,TTR_858119f08e84,0.0,0.2475,keep_both,exact_content_sim=0.2475 < 0.8,True,Giải trí vs Giáo dục
VNE_d2d805c00dd1,VNE_d7012ba1de93,0.0,0.2475,keep_both,exact_content_sim=0.2475 < 0.8,True,Pháp luật vs Sức khỏe
VNN_78b9dca1931c,VNN_c3726a503f09,0.0,0.2475,keep_both,exact_content_sim=0.2475 < 0.8,True,Giáo dục vs Thể thao
TTR_5766ee47fb24,TTR_642d951d4d1d,0.025,0.2474,keep_both,exact_content_sim=0.2474 < 0.8,True,Sức khỏe vs Pháp luật
TTR_a1ad92ba238d,TTR_a46b8615c61e,0.0,0.2474,keep_both,exact_content_sim=0.2474 < 0.8,True,Giáo dục vs Kinh doanh
VNE_361ac4f3e2ef,VNE_be2cb97beb84,0.0,0.2474,keep_both,exact_content_sim=0.2474 < 0.8,True,Giáo dục vs Kinh doanh
VNE_de291b0f4449,VNN_b475d7f70aea,0.0909,0.2474,keep_both,exact_content_sim=0.2474 < 0.8,True,Kinh doanh vs Giáo dục
TTR_8db8df05102c,VNE_317f5cfabe3f,0.037,0.2473,keep_both,exact_content_sim=0.2473 < 0.8,True,Giải trí vs Sức khỏe
TTR_a3b7edbd17b9,VNN_b0a5d369f130,0.0294,0.2472,keep_both,exact_content_sim=0.2472 < 0.8,True,Thể thao vs Kinh doanh
VNE_722712bf7f83,VNN_8f02c78541cb,0.0,0.2472,keep_both,exact_content_sim=0.2472 < 0.8,True,Kinh doanh vs Khoa học công nghệ
VNE_73fddc5dd732,VNN_bff40d895c49,0.0909,0.2472,keep_both,exact_content_sim=0.2472 < 0.8,True,Sức khỏe vs Kinh doanh
VNE_a80fd3b5d79b,VNE_e141ef3a7220,0.0,0.2469,keep_both,exact_content_sim=0.2469 < 0.8,True,Pháp luật vs Khoa học công nghệ
TTR_996e138c8bb0,VNN_d87ec2a56ae3,0.0,0.2468,keep_both,exact_content_sim=0.2468 < 0.8,True,Giáo dục vs Kinh doanh
TTR_fa2124c0e4b9,VNE_75da691b0bc7,0.0,0.2468,keep_both,exact_content_sim=0.2468 < 0.8,True,Giải trí vs Kinh doanh
VNE_7240006ed3ab,VNE_d3d10ded5629,0.037,0.2468,keep_both,exact_content_sim=0.2468 < 0.8,True,Sức khỏe vs Giải trí
TTR_2e417d4f30fa,TTR_e907aacf15dd,0.0,0.2466,keep_both,exact_content_sim=0.2466 < 0.8,True,Pháp luật vs Giáo dục
VNE_3ab57702fba4,VNN_daae80383ac3,0.0,0.2466,keep_both,exact_content_sim=0.2466 < 0.8,True,Giáo dục vs Khoa học công nghệ
VNE_674b2ebbd27e,VNE_df4269469620,0.0,0.2466,keep_both,exact_content_sim=0.2466 < 0.8,True,Kinh doanh vs Thể thao
TTR_34d1ebcc4a6d,VNE_5ed9386fe830,0.0417,0.2462,keep_both,exact_content_sim=0.2462 < 0.8,False,
TTR_25f27e9bc790,VNE_0f2f6c13f621,0.0385,0.2461,keep_both,exact_content_sim=0.2461 < 0.8,True,Kinh doanh vs Sức khỏe
TTR_f11323b45fc3,VNN_2d7b5ace1405,0.037,0.2461,keep_both,exact_content_sim=0.2461 < 0.8,True,Sức khỏe vs Giáo dục
TTR_6c2c2307d7df,VNN_ffa697539e1a,0.0,0.246,keep_both,exact_content_sim=0.246 < 0.8,True,Khoa học công nghệ vs Kinh doanh
TTR_90d8c589d06b,VNE_d7ad472d494b,0.0,0.2459,keep_both,exact_content_sim=0.2459 < 0.8,True,Giáo dục vs Sức khỏe
TTR_451820d09492,VNN_a2c6fe8a8d75,0.0,0.2457,keep_both,exact_content_sim=0.2457 < 0.8,True,Giáo dục vs Giải trí
TTR_c1a49fea2a34,TTR_fc294d2996e7,0.0,0.2453,keep_both,exact_content_sim=0.2453 < 0.8,True,Pháp luật vs Giải trí
VNE_d3d10ded5629,VNN_1428964fa9f4,0.0417,0.2451,keep_both,exact_content_sim=0.2451 < 0.8,False,
TTR_6849be780c60,TTR_b544119a8c28,0.0,0.245,keep_both,exact_content_sim=0.245 < 0.8,True,Kinh doanh vs Thể thao
TTR_6849be780c60,VNE_845976bf209a,0.0,0.2449,keep_both,exact_content_sim=0.2449 < 0.8,True,Kinh doanh vs Khoa học công nghệ
TTR_abf375384d19,VNE_e33d46bd07a8,0.0,0.2448,keep_both,exact_content_sim=0.2448 < 0.8,True,Kinh doanh vs Khoa học công nghệ
VNE_d3576225db0e,VNN_fd79c6050899,0.0,0.2448,keep_both,exact_content_sim=0.2448 < 0.8,True,Pháp luật vs Khoa học công nghệ
TTR_e64d5e44d011,VNN_e564b4a31dea,0.0,0.2447,keep_both,exact_content_sim=0.2447 < 0.8,True,Sức khỏe vs Kinh doanh
TTR_27246e1ef0bb,VNE_e524a7d0eae1,0.0,0.2445,keep_both,exact_content_sim=0.2445 < 0.8,True,Kinh doanh vs Thể thao
TTR_3df181f6ee7f,VNE_2dd93c097ca2,0.0,0.2445,keep_both,exact_content_sim=0.2445 < 0.8,True,Pháp luật vs Khoa học công nghệ
TTR_5b665d286d7f,TTR_dbc9c866d799,0.0,0.2445,keep_both,exact_content_sim=0.2445 < 0.8,True,Sức khỏe vs Giải trí
TTR_f8596945bdf2,VNN_f985f8470782,0.0357,0.2445,keep_both,exact_content_sim=0.2445 < 0.8,True,Sức khỏe vs Kinh doanh
TTR_609f1ffb7f61,VNN_12569ddcb73e,0.0,0.2444,keep_both,exact_content_sim=0.2444 < 0.8,True,Giải trí vs Khoa học công nghệ
TTR_8d11e797d731,VNN_6b403a5ee922,0.0,0.2443,keep_both,exact_content_sim=0.2443 < 0.8,True,Pháp luật vs Kinh doanh
TTR_1b4c696af2fd,VNE_cd6f9c48616c,0.0,0.244,keep_both,exact_content_sim=0.244 < 0.8,True,Pháp luật vs Kinh doanh
TTR_2e35b15228d0,TTR_d271fa88e0e9,0.0,0.2439,keep_both,exact_content_sim=0.2439 < 0.8,True,Giải trí vs Giáo dục
TTR_6849be780c60,TTR_f77a89ac00d9,0.0,0.2438,keep_both,exact_content_sim=0.2438 < 0.8,False,
VNE_59c46c67c98d,VNN_fd79c6050899,0.0357,0.2438,keep_both,exact_content_sim=0.2438 < 0.8,False,
TTR_a41b0bd5ef9d,TTR_be5405aa0327,0.0,0.2437,keep_both,exact_content_sim=0.2437 < 0.8,True,Khoa học công nghệ vs Kinh doanh
TTR_5f19174b83f9,VNN_9d04a55df027,0.0333,0.2436,keep_both,exact_content_sim=0.2436 < 0.8,True,Thể thao vs Sức khỏe
VNE_80dd266821cb,VNE_e524a7d0eae1,0.0,0.2435,keep_both,exact_content_sim=0.2435 < 0.8,True,Pháp luật vs Thể thao
TTR_03298da82349,TTR_f4c6504dc638,0.0,0.2434,keep_both,exact_content_sim=0.2434 < 0.8,True,Giải trí vs Giáo dục
VNE_6c8c063ef31e,VNN_60ea9f34e464,0.0,0.2434,keep_both,exact_content_sim=0.2434 < 0.8,True,Thể thao vs Giáo dục
TTR_2bb4ea27b110,VNN_5970487554d7,0.0,0.2432,keep_both,exact_content_sim=0.2432 < 0.8,False,
TTR_a596ad95189a,TTR_a6aa31b19d0c,0.0303,0.2432,keep_both,exact_content_sim=0.2432 < 0.8,True,Kinh doanh vs Pháp luật
VNE_b6a808b0b2a2,VNE_d3906cc0b176,0.0,0.2432,keep_both,exact_content_sim=0.2432 < 0.8,False,
VNN_b4fc9519cfe9,VNN_be8f0a5c1565,0.0,0.2432,keep_both,exact_content_sim=0.2432 < 0.8,True,Giáo dục vs Khoa học công nghệ
VNE_e524a7d0eae1,VNN_9cef5a61a102,0.0,0.2431,keep_both,exact_content_sim=0.2431 < 0.8,True,Thể thao vs Khoa học công nghệ
VNN_78b9dca1931c,VNN_c108360a9899,0.0,0.2431,keep_both,exact_content_sim=0.2431 < 0.8,True,Giáo dục vs Sức khỏe
TTR_2291565aad8e,VNE_2c70cf04fe9b,0.0,0.243,keep_both,exact_content_sim=0.243 < 0.8,True,Kinh doanh vs Giáo dục
TTR_6e8cfdf74c3d,VNE_3c990161eaac,0.0,0.243,keep_both,exact_content_sim=0.243 < 0.8,True,Kinh doanh vs Khoa học công nghệ
TTR_9df8446c513b,VNE_f0fe9f4c9fc2,0.0,0.243,keep_both,exact_content_sim=0.243 < 0.8,True,Giải trí vs Kinh doanh
VNE_29dad3628a1f,VNN_26c7c913b403,0.0,0.243,keep_both,exact_content_sim=0.243 < 0.8,True,Thể thao vs Sức khỏe
VNN_e76e1a4157c2,VNN_f0b494706f8b,0.0,0.2429,keep_both,exact_content_sim=0.2429 < 0.8,True,Sức khỏe vs Khoa học công nghệ
TTR_405ced3f9b63,VNE_0004462163a6,0.0606,0.2427,keep_both,exact_content_sim=0.2427 < 0.8,False,
VNE_1b00c5e09ed8,VNE_d3d10ded5629,0.05,0.2427,keep_both,exact_content_sim=0.2427 < 0.8,True,Thể thao vs Giải trí
VNE_2afc93a7060c,VNE_d06f8440f006,0.0,0.2427,keep_both,exact_content_sim=0.2427 < 0.8,True,Pháp luật vs Khoa học công nghệ
TTR_291ee4a46916,VNN_82acfc69d994,0.027,0.2426,keep_both,exact_content_sim=0.2426 < 0.8,True,Giáo dục vs Khoa học công nghệ
TTR_c9c049170d63,VNE_86108a27d446,0.0345,0.2426,keep_both,exact_content_sim=0.2426 < 0.8,True,Kinh doanh vs Giải trí
TTR_ad880d45536d,TTR_e122e54f54c4,0.0,0.2425,keep_both,exact_content_sim=0.2425 < 0.8,False,
TTR_310655582e78,TTR_e8929ec1a42a,0.0,0.2424,keep_both,exact_content_sim=0.2424 < 0.8,True,Kinh doanh vs Giáo dục
TTR_72b8457a8244,VNE_b0a3c698a963,0.0,0.2424,keep_both,exact_content_sim=0.2424 < 0.8,True,Sức khỏe vs Khoa học công nghệ
VNE_741f49d1f010,VNE_de291b0f4449,0.0,0.2422,keep_both,exact_content_sim=0.2422 < 0.8,True,Giáo dục vs Kinh doanh
VNE_674b2ebbd27e,VNN_651a4feafdc8,0.0,0.2421,keep_both,exact_content_sim=0.2421 < 0.8,True,Kinh doanh vs Khoa học công nghệ
VNE_d7012ba1de93,VNN_f985f8470782,0.0,0.2421,keep_both,exact_content_sim=0.2421 < 0.8,True,Sức khỏe vs Kinh doanh
VNE_361ac4f3e2ef,VNN_580fcc478fd5,0.0417,0.242,keep_both,exact_content_sim=0.242 < 0.8,True,Giáo dục vs Sức khỏe
TTR_2d294aa02c6e,TTR_ee806a2817cf,0.037,0.2418,keep_both,exact_content_sim=0.2418 < 0.8,False,
TTR_89bcb52d2973,VNE_df4269469620,0.0,0.2418,keep_both,exact_content_sim=0.2418 < 0.8,True,Kinh doanh vs Thể thao
TTR_d15fbf19cacd,VNN_c9e0e9f1918d,0.0,0.2418,keep_both,exact_content_sim=0.2418 < 0.8,False,
TTR_028af8604d24,VNN_5c4dce4f1fa1,0.0,0.2417,keep_both,exact_content_sim=0.2417 < 0.8,True,Giáo dục vs Giải trí
TTR_eb8e26aeda75,VNE_0f2f6c13f621,0.0,0.2417,keep_both,exact_content_sim=0.2417 < 0.8,True,Pháp luật vs Sức khỏe
VNE_c91ef3a2a799,VNN_80facdd77630,0.0,0.2417,keep_both,exact_content_sim=0.2417 < 0.8,True,Kinh doanh vs Pháp luật
VNE_1838153c52a6,VNN_e741ceecf581,0.0,0.2416,keep_both,exact_content_sim=0.2416 < 0.8,False,
TTR_8231d7cec2a4,VNN_c3726a503f09,0.0741,0.2412,keep_both,exact_content_sim=0.2412 < 0.8,True,Sức khỏe vs Thể thao
VNE_0c3bedd78f17,VNE_1b304b60e1ad,0.0,0.2412,keep_both,exact_content_sim=0.2412 < 0.8,True,Kinh doanh vs Khoa học công nghệ
VNN_c108360a9899,VNN_c3726a503f09,0.0769,0.2412,keep_both,exact_content_sim=0.2412 < 0.8,True,Sức khỏe vs Thể thao
TTR_ce7e1cc6347a,VNE_951f49b67ed3,0.0,0.2411,keep_both,exact_content_sim=0.2411 < 0.8,True,Sức khỏe vs Khoa học công nghệ
TTR_2a909acaaa98,TTR_4d1174dee020,0.027,0.2409,keep_both,exact_content_sim=0.2409 < 0.8,True,Sức khỏe vs Pháp luật
VNE_0b0121f0fd50,VNE_32959ca02102,0.0,0.2409,keep_both,exact_content_sim=0.2409 < 0.8,True,Sức khỏe vs Pháp luật
VNE_a982919399fa,VNN_1bca539bc9ae,0.0,0.2409,keep_both,exact_content_sim=0.2409 < 0.8,True,Kinh doanh vs Sức khỏe
TTR_a6aa31b19d0c,TTR_ca126995f0dc,0.0256,0.2408,keep_both,exact_content_sim=0.2408 < 0.8,True,Pháp luật vs Kinh doanh
TTR_f11323b45fc3,VNN_336caef47a93,0.08,0.2408,keep_both,exact_content_sim=0.2408 < 0.8,True,Sức khỏe vs Kinh doanh
TTR_34d1ebcc4a6d,VNE_a982919399fa,0.0,0.2405,keep_both,exact_content_sim=0.2405 < 0.8,True,Sức khỏe vs Kinh doanh
VNE_e910df32950a,VNN_08487a896692,0.0,0.2403,keep_both,exact_content_sim=0.2403 < 0.8,True,Kinh doanh vs Pháp luật
VNE_15708243437b,VNN_5de6fc633df1,0.0,0.2401,keep_both,exact_content_sim=0.2401 < 0.8,True,Kinh doanh vs Giáo dục
VNN_6434cd3ec901,VNN_852e59bc71b8,0.0,0.2401,keep_both,exact_content_sim=0.2401 < 0.8,True,Thể thao vs Kinh doanh
TTR_134749a7f926,TTR_5ca234504720,0.0,0.2399,keep_both,exact_content_sim=0.2399 < 0.8,True,Giải trí vs Kinh doanh
TTR_440c9c624722,VNN_87b2368bfe47,0.025,0.2399,keep_both,exact_content_sim=0.2399 < 0.8,True,Giáo dục vs Kinh doanh
TTR_475313a623de,TTR_524e608634d7,0.0294,0.2397,keep_both,exact_content_sim=0.2397 < 0.8,True,Giáo dục vs Giải trí
TTR_e0de9aaf6c32,VNN_d09e2c135044,0.0,0.2397,keep_both,exact_content_sim=0.2397 < 0.8,True,Pháp luật vs Khoa học công nghệ
VNN_2d7b5ace1405,VNN_b475d7f70aea,0.0,0.2397,keep_both,exact_content_sim=0.2397 < 0.8,False,
TTR_bd2ecd56dc0c,VNE_ccf5fa48c1cd,0.08,0.2396,keep_both,exact_content_sim=0.2396 < 0.8,True,Thể thao vs Khoa học công nghệ
TTR_129b0210a76a,VNE_84ec1b3dc782,0.0,0.2395,keep_both,exact_content_sim=0.2395 < 0.8,False,
TTR_35b20e5a78e2,VNN_d1e14ed7a015,0.0,0.2395,keep_both,exact_content_sim=0.2395 < 0.8,True,Kinh doanh vs Pháp luật
TTR_5951c287a02b,VNN_5de6fc633df1,0.1071,0.2395,keep_both,exact_content_sim=0.2395 < 0.8,False,
TTR_6c2c2307d7df,VNE_55dbe74b2b95,0.0,0.2395,keep_both,exact_content_sim=0.2395 < 0.8,True,Khoa học công nghệ vs Kinh doanh
TTR_e0a6948f35d2,VNE_b0a3c698a963,0.0,0.2395,keep_both,exact_content_sim=0.2395 < 0.8,False,
VNE_3380ecf8dcb7,VNE_46dd8179d786,0.0,0.2395,keep_both,exact_content_sim=0.2395 < 0.8,True,Thể thao vs Giáo dục
VNE_b77a69e69b79,VNN_9ff811ff3844,0.0556,0.2395,keep_both,exact_content_sim=0.2395 < 0.8,False,
VNN_3638c1569774,VNN_f6d1cd804f9a,0.0,0.2394,keep_both,exact_content_sim=0.2394 < 0.8,False,
TTR_6849be780c60,VNN_7d2aa9fc1b95,0.0,0.2393,keep_both,exact_content_sim=0.2393 < 0.8,False,
TTR_88320c985a0d,TTR_e06db595f85a,0.069,0.2392,keep_both,exact_content_sim=0.2392 < 0.8,False,
VNE_1b00c5e09ed8,VNN_0196b0580fd3,0.0,0.2392,keep_both,exact_content_sim=0.2392 < 0.8,True,Thể thao vs Khoa học công nghệ
VNE_b0a3c698a963,VNN_fe7a001c5c0a,0.0,0.239,keep_both,exact_content_sim=0.239 < 0.8,False,
VNE_b8819a219f54,VNN_b8bda6b510ef,0.0769,0.239,keep_both,exact_content_sim=0.239 < 0.8,False,
TTR_74a7344bfdc6,VNN_379b78240dfb,0.0,0.2387,keep_both,exact_content_sim=0.2387 < 0.8,True,Thể thao vs Pháp luật
VNE_e524a7d0eae1,VNN_572576d30a37,0.0455,0.2387,keep_both,exact_content_sim=0.2387 < 0.8,True,Thể thao vs Giải trí
TTR_2311d958e85d,VNE_1a9509565340,0.0769,0.2386,keep_both,exact_content_sim=0.2386 < 0.8,False,
TTR_60c0a1f06fa5,VNE_5cd521df4860,0.0323,0.2385,keep_both,exact_content_sim=0.2385 < 0.8,True,Pháp luật vs Thể thao
TTR_6be0cbb9e513,VNE_c2d23375e739,0.0,0.2382,keep_both,exact_content_sim=0.2382 < 0.8,True,Sức khỏe vs Pháp luật
VNN_53bc28c5dc57,VNN_55ce3ce07c43,0.04,0.2382,keep_both,exact_content_sim=0.2382 < 0.8,True,Giáo dục vs Thể thao
TTR_032694ccc453,TTR_f510821c7650,0.0323,0.2381,keep_both,exact_content_sim=0.2381 < 0.8,True,Khoa học công nghệ vs Pháp luật
TTR_5e1c09ac4b1e,VNN_ffa697539e1a,0.0,0.2381,keep_both,exact_content_sim=0.2381 < 0.8,True,Thể thao vs Kinh doanh
VNN_3f9961a57583,VNN_f179efc0ea20,0.0357,0.2381,keep_both,exact_content_sim=0.2381 < 0.8,True,Khoa học công nghệ vs Kinh doanh
TTR_2d294aa02c6e,VNN_cffc0465a9be,0.0,0.238,keep_both,exact_content_sim=0.238 < 0.8,False,
VNE_1e497ed68de1,VNN_b475d7f70aea,0.0,0.238,keep_both,exact_content_sim=0.238 < 0.8,True,Khoa học công nghệ vs Giáo dục
VNE_48bd9fcbbf21,VNE_b012074a9921,0.0,0.238,keep_both,exact_content_sim=0.238 < 0.8,False,
VNE_ccf5fa48c1cd,VNN_b4fc9519cfe9,0.0769,0.2379,keep_both,exact_content_sim=0.2379 < 0.8,True,Khoa học công nghệ vs Giáo dục
TTR_19e0e30701a4,VNN_e12ef39ce9c6,0.0,0.2378,keep_both,exact_content_sim=0.2378 < 0.8,True,Thể thao vs Khoa học công nghệ
TTR_7b51a368e2de,VNE_4decda4d5f1e,0.0,0.2378,keep_both,exact_content_sim=0.2378 < 0.8,True,Giải trí vs Kinh doanh
TTR_7edd931314f6,TTR_c10e50ac7298,0.0,0.2378,keep_both,exact_content_sim=0.2378 < 0.8,False,
TTR_57e37f45bc61,VNN_10c0d16b9519,0.0,0.2377,keep_both,exact_content_sim=0.2377 < 0.8,True,Pháp luật vs Giải trí
TTR_425907eefb75,VNE_21ef3cf1fe29,0.0,0.2376,keep_both,exact_content_sim=0.2376 < 0.8,True,Kinh doanh vs Pháp luật
TTR_37257840c6dc,VNN_e76e1a4157c2,0.0,0.2375,keep_both,exact_content_sim=0.2375 < 0.8,True,Giải trí vs Sức khỏe
TTR_eb8e26aeda75,VNN_211ae524e878,0.0,0.2374,keep_both,exact_content_sim=0.2374 < 0.8,True,Pháp luật vs Sức khỏe
TTR_b1f26bbd0b0a,VNE_32959ca02102,0.0,0.2372,keep_both,exact_content_sim=0.2372 < 0.8,True,Sức khỏe vs Pháp luật
VNN_1bca539bc9ae,VNN_f6d8d4d6dddb,0.0,0.2368,keep_both,exact_content_sim=0.2368 < 0.8,True,Sức khỏe vs Khoa học công nghệ
VNN_54d65110ae69,VNN_b4fc9519cfe9,0.0,0.2367,keep_both,exact_content_sim=0.2367 < 0.8,True,Kinh doanh vs Giáo dục
TTR_db97239f754c,VNE_c2d23375e739,0.0286,0.2366,keep_both,exact_content_sim=0.2366 < 0.8,True,Sức khỏe vs Pháp luật
VNE_1448923c412b,VNE_3c72e7fed8be,0.0,0.2366,keep_both,exact_content_sim=0.2366 < 0.8,False,
TTR_a5f985c67fe1,VNE_ff35661eb6cb,0.0357,0.2364,keep_both,exact_content_sim=0.2364 < 0.8,True,Kinh doanh vs Pháp luật
TTR_70a422f54af1,TTR_9b836749c8ef,0.0333,0.2363,keep_both,exact_content_sim=0.2363 < 0.8,True,Kinh doanh vs Giáo dục
TTR_3f8c64b35eee,VNN_fd79c6050899,0.0,0.236,keep_both,exact_content_sim=0.236 < 0.8,True,Kinh doanh vs Khoa học công nghệ
VNE_c4d03b746ffb,VNN_4242842874da,0.0,0.2358,keep_both,exact_content_sim=0.2358 < 0.8,False,
VNN_5fc3463d79fa,VNN_92198c063be6,0.0,0.2358,keep_both,exact_content_sim=0.2358 < 0.8,True,Khoa học công nghệ vs Kinh doanh
VNE_b16ca0750e87,VNE_fafc4957c828,0.0,0.2355,keep_both,exact_content_sim=0.2355 < 0.8,False,
TTR_11f02196cf97,TTR_ec84bc9f8064,0.0,0.2354,keep_both,exact_content_sim=0.2354 < 0.8,True,Giải trí vs Thể thao
TTR_2a9efd79a3b5,VNN_dec5435c4eb9,0.0,0.2354,keep_both,exact_content_sim=0.2354 < 0.8,True,Thể thao vs Kinh doanh
TTR_5b6a10523ca3,VNE_e287d2d94948,0.037,0.2352,keep_both,exact_content_sim=0.2352 < 0.8,True,Kinh doanh vs Khoa học công nghệ
TTR_5298a92a5b8d,TTR_d615b320afba,0.0714,0.235,keep_both,exact_content_sim=0.235 < 0.8,False,
TTR_5698489a6978,TTR_c9649fd5bf17,0.0,0.235,keep_both,exact_content_sim=0.235 < 0.8,True,Khoa học công nghệ vs Kinh doanh
VNE_0f2f6c13f621,VNN_211ae524e878,0.0,0.235,keep_both,exact_content_sim=0.235 < 0.8,False,
TTR_7cd7a3b554f3,TTR_f167e2f50a41,0.0294,0.2349,keep_both,exact_content_sim=0.2349 < 0.8,True,Khoa học công nghệ vs Giáo dục
TTR_7feae2cbbd47,TTR_b5e61c7ca328,0.0455,0.2349,keep_both,exact_content_sim=0.2349 < 0.8,False,
TTR_8e87ed4be4c0,VNE_63894a36931c,0.0,0.2348,keep_both,exact_content_sim=0.2348 < 0.8,True,Giải trí vs Kinh doanh
TTR_d6170871e156,VNE_fbd2d0539754,0.0,0.2347,keep_both,exact_content_sim=0.2347 < 0.8,True,Thể thao vs Kinh doanh
TTR_91311ea2fb29,VNE_c6f0a9648be3,0.0,0.2346,keep_both,exact_content_sim=0.2346 < 0.8,False,
VNE_f3a731d69a92,VNN_28be00421926,0.0,0.2344,keep_both,exact_content_sim=0.2344 < 0.8,True,Kinh doanh vs Sức khỏe
TTR_1b482e0601fd,VNE_dc9e2c118ab3,0.0286,0.2343,keep_both,exact_content_sim=0.2343 < 0.8,True,Kinh doanh vs Giáo dục
VNE_fbd6faf797db,VNN_7589f3d05c4c,0.0,0.2343,keep_both,exact_content_sim=0.2343 < 0.8,True,Sức khỏe vs Khoa học công nghệ
TTR_8231d7cec2a4,VNN_f6d1cd804f9a,0.0,0.2341,keep_both,exact_content_sim=0.2341 < 0.8,True,Sức khỏe vs Giáo dục
TTR_fddf3ab046ba,VNE_4a17fea7b075,0.0,0.234,keep_both,exact_content_sim=0.234 < 0.8,True,Giáo dục vs Sức khỏe
VNE_d3d10ded5629,VNE_ff07454e4309,0.0,0.234,keep_both,exact_content_sim=0.234 < 0.8,True,Giải trí vs Pháp luật
TTR_4e7208695f13,TTR_a785f7b60854,0.0,0.2339,keep_both,exact_content_sim=0.2339 < 0.8,True,Giáo dục vs Kinh doanh
TTR_7b387d936d2d,TTR_fb28ea2618aa,0.2174,0.2339,keep_both,exact_content_sim=0.2339 < 0.8,True,Giáo dục vs Kinh doanh
TTR_a6aa31b19d0c,VNE_acaf5f292d41,0.0303,0.2339,keep_both,exact_content_sim=0.2339 < 0.8,True,Pháp luật vs Thể thao
TTR_c63e0cda4c2f,TTR_dc8768ecfdcf,0.0606,0.2339,keep_both,exact_content_sim=0.2339 < 0.8,True,Thể thao vs Kinh doanh
TTR_36a68c84ed45,VNN_aaab1665751d,0.0303,0.2338,keep_both,exact_content_sim=0.2338 < 0.8,True,Thể thao vs Sức khỏe
TTR_ebcf537910dc,VNE_c4b8be19fab0,0.0,0.2337,keep_both,exact_content_sim=0.2337 < 0.8,True,Thể thao vs Kinh doanh
VNE_69d70d76f82d,VNE_e0ebbc0c514f,0.0,0.2335,keep_both,exact_content_sim=0.2335 < 0.8,True,Kinh doanh vs Pháp luật
TTR_fc77a393f81b,VNE_a907119a7e99,0.0312,0.2334,keep_both,exact_content_sim=0.2334 < 0.8,True,Sức khỏe vs Kinh doanh
VNE_12a07f9b7f50,VNE_f6d060a7faa0,0.0,0.2333,keep_both,exact_content_sim=0.2333 < 0.8,False,
VNE_6e87752cb7e8,VNE_d292136e86e6,0.0,0.2333,keep_both,exact_content_sim=0.2333 < 0.8,True,Thể thao vs Sức khỏe
TTR_b544119a8c28,VNE_e0e579cf094c,0.0,0.2331,keep_both,exact_content_sim=0.2331 < 0.8,True,Thể thao vs Giải trí
TTR_3ea621a56dd2,VNE_2e8a3d29851d,0.0,0.2327,keep_both,exact_content_sim=0.2327 < 0.8,False,
TTR_981c3afdc16d,TTR_f298bbd7ab38,0.0,0.2326,keep_both,exact_content_sim=0.2326 < 0.8,True,Kinh doanh vs Pháp luật
TTR_ee45f6d4f32b,VNN_0196b0580fd3,0.0571,0.2326,keep_both,exact_content_sim=0.2326 < 0.8,True,Kinh doanh vs Khoa học công nghệ
VNN_3fcb82173e94,VNN_f7b7ac1e99f2,0.0,0.2326,keep_both,exact_content_sim=0.2326 < 0.8,True,Kinh doanh vs Giáo dục
TTR_2e4fbe61a4d1,TTR_89087aef868a,0.037,0.2325,keep_both,exact_content_sim=0.2325 < 0.8,False,
TTR_623de6929042,TTR_bd2ecd56dc0c,0.0714,0.2325,keep_both,exact_content_sim=0.2325 < 0.8,False,
TTR_8443180440a8,VNE_48bd9fcbbf21,0.0,0.2325,keep_both,exact_content_sim=0.2325 < 0.8,True,Pháp luật vs Kinh doanh
TTR_5663fe95726b,VNE_ec0c3475ecc2,0.0,0.2324,keep_both,exact_content_sim=0.2324 < 0.8,True,Pháp luật vs Kinh doanh
VNE_2e8a3d29851d,VNE_e910df32950a,0.0,0.2323,keep_both,exact_content_sim=0.2323 < 0.8,True,Sức khỏe vs Kinh doanh
VNN_0ac47bdb3355,VNN_5e15dabda1cd,0.0,0.2323,keep_both,exact_content_sim=0.2323 < 0.8,True,Kinh doanh vs Giáo dục
TTR_2129c51171a5,VNN_b30774dbdfdd,0.0,0.2321,keep_both,exact_content_sim=0.2321 < 0.8,False,
TTR_5d92864d1b4c,TTR_e0de9aaf6c32,0.0357,0.2321,keep_both,exact_content_sim=0.2321 < 0.8,True,Thể thao vs Pháp luật
TTR_b26b1f72268b,VNE_265e72b5f7bf,0.0,0.2319,keep_both,exact_content_sim=0.2319 < 0.8,True,Giải trí vs Pháp luật
TTR_1c115a6aefe0,TTR_926507e00134,0.0,0.2318,keep_both,exact_content_sim=0.2318 < 0.8,True,Giải trí vs Thể thao
VNE_1448923c412b,VNE_b0a3c698a963,0.0417,0.2318,keep_both,exact_content_sim=0.2318 < 0.8,False,
TTR_032694ccc453,VNN_7589f3d05c4c,0.037,0.2317,keep_both,exact_content_sim=0.2317 < 0.8,False,
TTR_8d603c482e75,TTR_8fc3069f067d,0.0526,0.2315,keep_both,exact_content_sim=0.2315 < 0.8,True,Sức khỏe vs Giáo dục
VNN_572576d30a37,VNN_9cef5a61a102,0.0,0.2315,keep_both,exact_content_sim=0.2315 < 0.8,True,Giải trí vs Khoa học công nghệ
TTR_028af8604d24,TTR_a7c3eae978bc,0.0222,0.2312,keep_both,exact_content_sim=0.2312 < 0.8,True,Giáo dục vs Pháp luật
VNN_e4acb4629c79,VNN_e75c3c0be630,0.0,0.2312,keep_both,exact_content_sim=0.2312 < 0.8,True,Thể thao vs Giáo dục
TTR_c93233a6f472,VNE_83358150af15,0.0,0.231,keep_both,exact_content_sim=0.231 < 0.8,False,
VNE_741f49d1f010,VNN_336caef47a93,0.0,0.231,keep_both,exact_content_sim=0.231 < 0.8,True,Giáo dục vs Kinh doanh
TTR_be4fba2175a6,VNN_f50e7e4e4901,0.0,0.2308,keep_both,exact_content_sim=0.2308 < 0.8,True,Thể thao vs Sức khỏe
VNE_a982919399fa,VNN_f6d8d4d6dddb,0.0,0.2308,keep_both,exact_content_sim=0.2308 < 0.8,True,Kinh doanh vs Khoa học công nghệ
VNN_233d3983ebfb,VNN_73ece52e5117,0.0263,0.2306,keep_both,exact_content_sim=0.2306 < 0.8,True,Sức khỏe vs Khoa học công nghệ
TTR_6cac8a15e794,VNE_6accd05c6c89,0.0,0.2305,keep_both,exact_content_sim=0.2305 < 0.8,True,Kinh doanh vs Sức khỏe
TTR_f2f99edd9f96,VNN_0f5b35bf70cc,0.027,0.2305,keep_both,exact_content_sim=0.2305 < 0.8,False,
VNE_e1b29bf4edeb,VNN_b475d7f70aea,0.0,0.2305,keep_both,exact_content_sim=0.2305 < 0.8,True,Pháp luật vs Giáo dục
TTR_0a78305b1847,TTR_3dcfceb7d4e3,0.0,0.2302,keep_both,exact_content_sim=0.2302 < 0.8,True,Giải trí vs Kinh doanh
TTR_1b5adc8f2730,TTR_403aa6ca5933,0.0556,0.2302,keep_both,exact_content_sim=0.2302 < 0.8,False,
TTR_cd2c66efcedc,VNE_547aa8610c47,0.0,0.2302,keep_both,exact_content_sim=0.2302 < 0.8,True,Thể thao vs Kinh doanh
VNE_1a9509565340,VNE_ca9b570f311f,0.0,0.2302,keep_both,exact_content_sim=0.2302 < 0.8,True,Kinh doanh vs Thể thao
VNE_d8b4976887be,VNN_b4fc9519cfe9,0.0741,0.2299,keep_both,exact_content_sim=0.2299 < 0.8,True,Kinh doanh vs Giáo dục
TTR_8ed95c414b13,TTR_ad880d45536d,0.0,0.2298,keep_both,exact_content_sim=0.2298 < 0.8,False,
VNE_3ef66b99e0dc,VNE_af29ee38a924,0.0909,0.2298,keep_both,exact_content_sim=0.2298 < 0.8,True,Thể thao vs Kinh doanh
TTR_1e11d406467e,VNN_aaab1665751d,0.0,0.2297,keep_both,exact_content_sim=0.2297 < 0.8,True,Thể thao vs Sức khỏe
TTR_6f1c87b113a7,VNE_d38cecd72fa7,0.0,0.2294,keep_both,exact_content_sim=0.2294 < 0.8,True,Sức khỏe vs Giải trí
TTR_d3ec0721e08e,TTR_f563c12b424a,0.0,0.2294,keep_both,exact_content_sim=0.2294 < 0.8,True,Thể thao vs Giải trí
VNE_a324329f6106,VNN_d87ec2a56ae3,0.0,0.2294,keep_both,exact_content_sim=0.2294 < 0.8,True,Pháp luật vs Kinh doanh
VNE_d3d10ded5629,VNN_588e82d6ac3c,0.037,0.2293,keep_both,exact_content_sim=0.2293 < 0.8,True,Giải trí vs Khoa học công nghệ
TTR_6af457b23931,TTR_eb70a83122cb,0.0,0.2291,keep_both,exact_content_sim=0.2291 < 0.8,False,
TTR_ee806a2817cf,VNN_cffc0465a9be,0.0,0.2291,keep_both,exact_content_sim=0.2291 < 0.8,False,
VNE_2e7bf5e2c52a,VNE_e0e579cf094c,0.0,0.2291,keep_both,exact_content_sim=0.2291 < 0.8,True,Kinh doanh vs Giải trí
TTR_755ae61f43f8,VNN_11d18909df82,0.0,0.229,keep_both,exact_content_sim=0.229 < 0.8,True,Giáo dục vs Giải trí
VNE_3059ce21b2be,VNE_35f7e59f65cf,0.0,0.229,keep_both,exact_content_sim=0.229 < 0.8,True,Khoa học công nghệ vs Sức khỏe
VNE_7e5fa9f46fc1,VNN_9d2c47fb048e,0.0,0.2289,keep_both,exact_content_sim=0.2289 < 0.8,False,
TTR_a42d6605ba8c,VNN_5de6fc633df1,0.0,0.2288,keep_both,exact_content_sim=0.2288 < 0.8,True,Kinh doanh vs Giáo dục
TTR_14d0e579acff,TTR_8231d7cec2a4,0.0,0.2287,keep_both,exact_content_sim=0.2287 < 0.8,True,Thể thao vs Sức khỏe
TTR_09fc007e7d63,TTR_6e39bf965e3d,0.0,0.228,keep_both,exact_content_sim=0.228 < 0.8,True,Giáo dục vs Pháp luật
VNE_1e497ed68de1,VNE_d3576225db0e,0.0,0.228,keep_both,exact_content_sim=0.228 < 0.8,True,Khoa học công nghệ vs Pháp luật
VNE_82467118da9a,VNE_8ad90a0283c7,0.0,0.228,keep_both,exact_content_sim=0.228 < 0.8,True,Kinh doanh vs Thể thao
VNN_c3726a503f09,VNN_f6d1cd804f9a,0.0,0.228,keep_both,exact_content_sim=0.228 < 0.8,True,Thể thao vs Giáo dục
TTR_564b3f3ce4a1,VNE_d3d10ded5629,0.0,0.2279,keep_both,exact_content_sim=0.2279 < 0.8,True,Pháp luật vs Giải trí
TTR_5e1c09ac4b1e,VNE_55dbe74b2b95,0.0,0.2278,keep_both,exact_content_sim=0.2278 < 0.8,True,Thể thao vs Kinh doanh
VNE_185e119bccae,VNN_dcbbbb19e53e,0.0,0.2278,keep_both,exact_content_sim=0.2278 < 0.8,True,Giải trí vs Pháp luật
TTR_723625fea4d2,VNE_6c8c063ef31e,0.0,0.2277,keep_both,exact_content_sim=0.2277 < 0.8,True,Kinh doanh vs Thể thao
TTR_89e5418d87cd,VNN_d55e304bd1a2,0.0,0.2276,keep_both,exact_content_sim=0.2276 < 0.8,True,Giải trí vs Kinh doanh
TTR_f8987e9c98af,VNE_32959ca02102,0.0,0.2275,keep_both,exact_content_sim=0.2275 < 0.8,True,Kinh doanh vs Pháp luật
VNN_31e866a33c0e,VNN_d65c717cf97b,0.0,0.2275,keep_both,exact_content_sim=0.2275 < 0.8,False,
VNE_7aee1ede0e6c,VNN_fd79c6050899,0.0,0.2274,keep_both,exact_content_sim=0.2274 < 0.8,True,Kinh doanh vs Khoa học công nghệ
VNE_4bce62f9fe77,VNN_a3c9128b81d8,0.0,0.2273,keep_both,exact_content_sim=0.2273 < 0.8,True,Thể thao vs Kinh doanh
TTR_440a32a82106,VNE_dff7978b1dd0,0.0,0.2271,keep_both,exact_content_sim=0.2271 < 0.8,True,Giải trí vs Sức khỏe
TTR_c5a16b27dac9,VNN_c8545491a51f,0.069,0.2269,keep_both,exact_content_sim=0.2269 < 0.8,True,Giáo dục vs Giải trí
VNE_a02987767674,VNE_c2d23375e739,0.0,0.2266,keep_both,exact_content_sim=0.2266 < 0.8,True,Thể thao vs Pháp luật
TTR_76eabb312114,VNE_b61f20a6b674,0.0323,0.2265,keep_both,exact_content_sim=0.2265 < 0.8,True,Sức khỏe vs Thể thao
VNN_ac253779c07a,VNN_e4acb4629c79,0.0,0.2263,keep_both,exact_content_sim=0.2263 < 0.8,True,Sức khỏe vs Thể thao
TTR_8e9b61cb89b2,VNN_211ae524e878,0.0,0.2262,keep_both,exact_content_sim=0.2262 < 0.8,True,Pháp luật vs Sức khỏe
VNE_ce7c9df9e46b,VNE_d8b4976887be,0.0,0.226,keep_both,exact_content_sim=0.226 < 0.8,True,Pháp luật vs Kinh doanh
TTR_3775e0461e11,VNN_8e0b50951b20,0.0,0.2259,keep_both,exact_content_sim=0.2259 < 0.8,True,Giáo dục vs Kinh doanh
TTR_f11323b45fc3,VNN_b475d7f70aea,0.0,0.2259,keep_both,exact_content_sim=0.2259 < 0.8,True,Sức khỏe vs Giáo dục
VNE_06be696bedba,VNE_a80fd3b5d79b,0.0,0.2259,keep_both,exact_content_sim=0.2259 < 0.8,True,Khoa học công nghệ vs Pháp luật
VNE_d3576225db0e,VNN_b475d7f70aea,0.0,0.2258,keep_both,exact_content_sim=0.2258 < 0.8,True,Pháp luật vs Giáo dục
TTR_16b2e52e94a7,VNN_5c4dce4f1fa1,0.0,0.2257,keep_both,exact_content_sim=0.2257 < 0.8,True,Sức khỏe vs Giải trí
VNE_fe70d5d829cd,VNN_1e1f3ba17e9f,0.0,0.2257,keep_both,exact_content_sim=0.2257 < 0.8,True,Pháp luật vs Thể thao
VNN_10a7af187c2e,VNN_9fcdfa96e3f2,0.0312,0.2257,keep_both,exact_content_sim=0.2257 < 0.8,True,Giáo dục vs Kinh doanh
TTR_133104563fd2,VNN_10a7af187c2e,0.0,0.2256,keep_both,exact_content_sim=0.2256 < 0.8,True,Kinh doanh vs Giáo dục
TTR_61da6a157bd6,TTR_7d25d60688bc,0.0,0.2254,keep_both,exact_content_sim=0.2254 < 0.8,True,Thể thao vs Kinh doanh
TTR_74f872a2e5d0,VNN_c5a6a647ffab,0.0,0.2254,keep_both,exact_content_sim=0.2254 < 0.8,True,Thể thao vs Kinh doanh
VNE_090fd7fcc2fd,VNN_dbfdaa41d2a4,0.037,0.2254,keep_both,exact_content_sim=0.2254 < 0.8,True,Giáo dục vs Kinh doanh
TTR_2c19cd229378,TTR_4dd5b9cb77bf,0.0,0.2253,keep_both,exact_content_sim=0.2253 < 0.8,True,Kinh doanh vs Giáo dục
VNE_370531bb631c,VNE_41089aa21187,0.0,0.2252,keep_both,exact_content_sim=0.2252 < 0.8,True,Giải trí vs Kinh doanh
VNE_3c72e7fed8be,VNE_b0a3c698a963,0.0,0.2252,keep_both,exact_content_sim=0.2252 < 0.8,False,
TTR_b544119a8c28,VNE_845976bf209a,0.0294,0.2248,keep_both,exact_content_sim=0.2248 < 0.8,True,Thể thao vs Khoa học công nghệ
TTR_097cb4e5b018,TTR_6214f308b653,0.0385,0.2245,keep_both,exact_content_sim=0.2245 < 0.8,True,Sức khỏe vs Thể thao
VNN_5681fc4ae6ac,VNN_7e379a8f33e0,0.0,0.2245,keep_both,exact_content_sim=0.2245 < 0.8,True,Khoa học công nghệ vs Giáo dục
VNE_7c506e715dd6,VNE_845976bf209a,0.0,0.2243,keep_both,exact_content_sim=0.2243 < 0.8,True,Giải trí vs Khoa học công nghệ
TTR_03322ede4e7a,TTR_c9649fd5bf17,0.0,0.2241,keep_both,exact_content_sim=0.2241 < 0.8,True,Giáo dục vs Kinh doanh
VNE_5ed9386fe830,VNN_1bca539bc9ae,0.0526,0.224,keep_both,exact_content_sim=0.224 < 0.8,False,
VNE_9516301aa3cf,VNN_0741995a2053,0.0,0.2239,keep_both,exact_content_sim=0.2239 < 0.8,True,Pháp luật vs Kinh doanh
VNE_1e497ed68de1,VNN_fd79c6050899,0.0833,0.2238,keep_both,exact_content_sim=0.2238 < 0.8,False,
TTR_2311d958e85d,TTR_8e87ed4be4c0,0.0455,0.2237,keep_both,exact_content_sim=0.2237 < 0.8,True,Kinh doanh vs Giải trí
TTR_35b20e5a78e2,VNE_0c3bedd78f17,0.0,0.2235,keep_both,exact_content_sim=0.2235 < 0.8,False,
TTR_7349e869411f,TTR_b26b1f72268b,0.0278,0.2232,keep_both,exact_content_sim=0.2232 < 0.8,True,Pháp luật vs Giải trí
TTR_2e32a8cb0ea2,VNE_ad85c3e1507a,0.0,0.2231,keep_both,exact_content_sim=0.2231 < 0.8,True,Giáo dục vs Kinh doanh
VNE_54e434c9352c,VNE_a80fd3b5d79b,0.0417,0.223,keep_both,exact_content_sim=0.223 < 0.8,True,Khoa học công nghệ vs Pháp luật
TTR_c10e50ac7298,VNE_f2767fd310aa,0.0,0.2228,keep_both,exact_content_sim=0.2228 < 0.8,True,Kinh doanh vs Giáo dục
TTR_bb2568e1155a,VNN_b1690e7abc13,0.0,0.2225,keep_both,exact_content_sim=0.2225 < 0.8,True,Thể thao vs Kinh doanh
TTR_eeb712c52761,VNN_ffff1c87624d,0.0323,0.2224,keep_both,exact_content_sim=0.2224 < 0.8,True,Sức khỏe vs Kinh doanh
TTR_11048ca5a638,TTR_33c8f244cbb8,0.0,0.2222,keep_both,exact_content_sim=0.2222 < 0.8,True,Giải trí vs Sức khỏe
TTR_646d214ec111,TTR_c8a2bc29c5fb,0.0333,0.2222,keep_both,exact_content_sim=0.2222 < 0.8,True,Thể thao vs Giáo dục
TTR_7f596a343f05,VNN_cf830f229c59,0.0,0.2222,keep_both,exact_content_sim=0.2222 < 0.8,True,Giáo dục vs Kinh doanh
TTR_d5da89fdcec0,VNE_2167dbaf43cc,0.0,0.2222,keep_both,exact_content_sim=0.2222 < 0.8,True,Pháp luật vs Thể thao
VNE_2afc93a7060c,VNN_d65c717cf97b,0.0,0.2222,keep_both,exact_content_sim=0.2222 < 0.8,True,Pháp luật vs Sức khỏe
VNE_e1b29bf4edeb,VNN_2d7b5ace1405,0.0,0.2222,keep_both,exact_content_sim=0.2222 < 0.8,True,Pháp luật vs Giáo dục
TTR_142db3b47c08,VNE_edacc91d9687,0.0385,0.222,keep_both,exact_content_sim=0.222 < 0.8,True,Sức khỏe vs Kinh doanh
TTR_bd2ecd56dc0c,VNN_b4fc9519cfe9,0.0,0.222,keep_both,exact_content_sim=0.222 < 0.8,True,Thể thao vs Giáo dục
VNE_4a2371dce598,VNE_4e285dbce9df,0.0,0.2219,keep_both,exact_content_sim=0.2219 < 0.8,True,Khoa học công nghệ vs Thể thao
TTR_2cbdfe0aa1e2,TTR_d4922b459ab3,0.069,0.2218,keep_both,exact_content_sim=0.2218 < 0.8,True,Thể thao vs Kinh doanh
TTR_c2c30054093e,VNE_d9f5ab43c8e2,0.0,0.2216,keep_both,exact_content_sim=0.2216 < 0.8,True,Khoa học công nghệ vs Kinh doanh
TTR_9b2f166974f7,VNN_8dbb404676ac,0.0,0.2215,keep_both,exact_content_sim=0.2215 < 0.8,True,Sức khỏe vs Giáo dục
VNE_d9f5ab43c8e2,VNN_4dd6d6fa63c1,0.037,0.2215,keep_both,exact_content_sim=0.2215 < 0.8,False,
VNN_3542bd5135a1,VNN_e52afdd32632,0.0714,0.2215,keep_both,exact_content_sim=0.2215 < 0.8,True,Sức khỏe vs Pháp luật
TTR_4a23f514d37b,VNE_2dd93c097ca2,0.0,0.2214,keep_both,exact_content_sim=0.2214 < 0.8,True,Sức khỏe vs Khoa học công nghệ
TTR_4f900060f2e1,VNN_d87ec2a56ae3,0.0385,0.2214,keep_both,exact_content_sim=0.2214 < 0.8,False,
VNE_361ac4f3e2ef,VNE_68ea382a63bf,0.0,0.2214,keep_both,exact_content_sim=0.2214 < 0.8,True,Giáo dục vs Kinh doanh
VNE_e960f8c1a48e,VNN_d87ec2a56ae3,0.0,0.2213,keep_both,exact_content_sim=0.2213 < 0.8,True,Sức khỏe vs Kinh doanh
VNE_12a07f9b7f50,VNN_88aed90bde31,0.0435,0.2212,keep_both,exact_content_sim=0.2212 < 0.8,True,Khoa học công nghệ vs Giải trí
TTR_ff669d393b57,VNE_d9ba50964e9f,0.0,0.2211,keep_both,exact_content_sim=0.2211 < 0.8,True,Kinh doanh vs Pháp luật
VNE_5ed9386fe830,VNE_f5f2ec511655,0.0,0.2211,keep_both,exact_content_sim=0.2211 < 0.8,True,Sức khỏe vs Khoa học công nghệ
TTR_221f8c335824,VNN_233d3983ebfb,0.0,0.2207,keep_both,exact_content_sim=0.2207 < 0.8,True,Kinh doanh vs Sức khỏe
TTR_68c3d4c44ee2,VNN_88aed90bde31,0.0,0.2207,keep_both,exact_content_sim=0.2207 < 0.8,True,Kinh doanh vs Giải trí
TTR_97524c41cc8f,VNN_c564375e4fd8,0.0,0.2206,keep_both,exact_content_sim=0.2206 < 0.8,True,Pháp luật vs Khoa học công nghệ
VNE_d7c1d2d03e82,VNN_c25bfe48a620,0.0,0.2204,keep_both,exact_content_sim=0.2204 < 0.8,True,Kinh doanh vs Khoa học công nghệ
TTR_caa4755eb6c4,VNE_786928410e16,0.0312,0.2203,keep_both,exact_content_sim=0.2203 < 0.8,True,Kinh doanh vs Giáo dục
VNE_c4b8be19fab0,VNN_47d33801530d,0.08,0.2201,keep_both,exact_content_sim=0.2201 < 0.8,True,Kinh doanh vs Thể thao
VNE_1e497ed68de1,VNE_741f49d1f010,0.0,0.22,keep_both,exact_content_sim=0.22 < 0.8,True,Khoa học công nghệ vs Giáo dục
TTR_25f27e9bc790,TTR_eb8e26aeda75,0.0,0.2199,keep_both,exact_content_sim=0.2199 < 0.8,True,Kinh doanh vs Pháp luật
VNN_c108360a9899,VNN_f6d1cd804f9a,0.0,0.2198,keep_both,exact_content_sim=0.2198 < 0.8,True,Sức khỏe vs Giáo dục
VNE_4e7470f1fc7d,VNN_b2641daf8ca7,0.0,0.2196,keep_both,exact_content_sim=0.2196 < 0.8,True,Thể thao vs Pháp luật
TTR_2330d33e514e,TTR_405b37d631ec,0.0,0.2192,keep_both,exact_content_sim=0.2192 < 0.8,False,
TTR_25f27e9bc790,TTR_8e9b61cb89b2,0.0294,0.2192,keep_both,exact_content_sim=0.2192 < 0.8,True,Kinh doanh vs Pháp luật
TTR_14d0e579acff,VNN_c108360a9899,0.0,0.2191,keep_both,exact_content_sim=0.2191 < 0.8,True,Thể thao vs Sức khỏe
TTR_480b2604192c,TTR_6b3e5a6effd3,0.0,0.2191,keep_both,exact_content_sim=0.2191 < 0.8,True,Kinh doanh vs Khoa học công nghệ
TTR_b0c7ddc720d4,TTR_f79340f76a1d,0.0,0.219,keep_both,exact_content_sim=0.219 < 0.8,True,Thể thao vs Giáo dục
TTR_0c3ad20048f5,VNN_d87ec2a56ae3,0.0,0.2189,keep_both,exact_content_sim=0.2189 < 0.8,True,Sức khỏe vs Kinh doanh
VNE_de291b0f4449,VNN_fd79c6050899,0.0,0.2188,keep_both,exact_content_sim=0.2188 < 0.8,True,Kinh doanh vs Khoa học công nghệ
TTR_3f8c59e23fa1,VNN_b1a014a8c006,0.0333,0.2183,keep_both,exact_content_sim=0.2183 < 0.8,False,
TTR_9b836749c8ef,VNE_77a5c5c0691e,0.0,0.2183,keep_both,exact_content_sim=0.2183 < 0.8,True,Giáo dục vs Thể thao
VNN_b475d7f70aea,VNN_fd79c6050899,0.0,0.2183,keep_both,exact_content_sim=0.2183 < 0.8,True,Giáo dục vs Khoa học công nghệ
TTR_623de6929042,VNN_b4fc9519cfe9,0.0,0.2182,keep_both,exact_content_sim=0.2182 < 0.8,True,Thể thao vs Giáo dục
TTR_b544119a8c28,VNE_2e7bf5e2c52a,0.0,0.2182,keep_both,exact_content_sim=0.2182 < 0.8,True,Thể thao vs Kinh doanh
TTR_d271fa88e0e9,VNE_6accd05c6c89,0.0,0.2182,keep_both,exact_content_sim=0.2182 < 0.8,True,Giáo dục vs Sức khỏe
VNE_475b0fa2ef2c,VNE_972d72f4d17a,0.0,0.2179,keep_both,exact_content_sim=0.2179 < 0.8,True,Khoa học công nghệ vs Giáo dục
TTR_34d1ebcc4a6d,VNE_f5f2ec511655,0.0,0.2178,keep_both,exact_content_sim=0.2178 < 0.8,True,Sức khỏe vs Khoa học công nghệ
TTR_4dc9ec11851e,TTR_7ae9a7ebdf80,0.0,0.2178,keep_both,exact_content_sim=0.2178 < 0.8,True,Giáo dục vs Kinh doanh
TTR_d60d41a42b7e,VNE_32959ca02102,0.0303,0.2178,keep_both,exact_content_sim=0.2178 < 0.8,True,Khoa học công nghệ vs Pháp luật
TTR_e0a6948f35d2,VNE_3c72e7fed8be,0.0,0.2178,keep_both,exact_content_sim=0.2178 < 0.8,False,
VNE_35b394fb7eec,VNE_f2286fa9d05a,0.0,0.2178,keep_both,exact_content_sim=0.2178 < 0.8,True,Kinh doanh vs Sức khỏe
TTR_129b0210a76a,VNN_e83fec68a0de,0.0,0.2175,keep_both,exact_content_sim=0.2175 < 0.8,False,
VNN_be26751997f6,VNN_e284986a5e5f,0.0,0.2175,keep_both,exact_content_sim=0.2175 < 0.8,True,Khoa học công nghệ vs Kinh doanh
VNN_336caef47a93,VNN_fd79c6050899,0.0,0.2174,keep_both,exact_content_sim=0.2174 < 0.8,True,Kinh doanh vs Khoa học công nghệ
TTR_35b20e5a78e2,VNN_3ce4b74f4bca,0.0,0.2169,keep_both,exact_content_sim=0.2169 < 0.8,True,Kinh doanh vs Pháp luật
VNE_acaf5f292d41,VNN_106c3ca276c3,0.0,0.2169,keep_both,exact_content_sim=0.2169 < 0.8,True,Thể thao vs Giải trí
TTR_39249b5840a1,VNN_db36a29a3e0c,0.0286,0.2167,keep_both,exact_content_sim=0.2167 < 0.8,True,Pháp luật vs Thể thao
VNN_580fcc478fd5,VNN_d3d75234b8cb,0.0,0.2159,keep_both,exact_content_sim=0.2159 < 0.8,True,Sức khỏe vs Giáo dục
VNE_741f49d1f010,VNN_fd79c6050899,0.0,0.2158,keep_both,exact_content_sim=0.2158 < 0.8,True,Giáo dục vs Khoa học công nghệ
TTR_f77a89ac00d9,VNE_7c506e715dd6,0.0,0.2157,keep_both,exact_content_sim=0.2157 < 0.8,True,Kinh doanh vs Giải trí
TTR_8e87ed4be4c0,VNN_f552321a18b0,0.0,0.2156,keep_both,exact_content_sim=0.2156 < 0.8,True,Giải trí vs Khoa học công nghệ
TTR_8ae25790ae28,VNN_233d3983ebfb,0.0333,0.2154,keep_both,exact_content_sim=0.2154 < 0.8,True,Khoa học công nghệ vs Sức khỏe
TTR_8d603c482e75,VNE_e233b019a577,0.0357,0.215,keep_both,exact_content_sim=0.215 < 0.8,True,Sức khỏe vs Pháp luật
TTR_0b4e14ee54b2,VNN_f30a0ce49005,0.0625,0.2147,keep_both,exact_content_sim=0.2147 < 0.8,True,Thể thao vs Kinh doanh
TTR_434dbacb86df,VNN_dabdf8b80e55,0.0,0.2146,keep_both,exact_content_sim=0.2146 < 0.8,True,Giáo dục vs Thể thao
TTR_f11323b45fc3,VNE_1e497ed68de1,0.0,0.2144,keep_both,exact_content_sim=0.2144 < 0.8,True,Sức khỏe vs Khoa học công nghệ
TTR_17ceec3e5309,VNE_2855cdbb87dd,0.0,0.2143,keep_both,exact_content_sim=0.2143 < 0.8,True,Thể thao vs Kinh doanh
VNE_361ac4f3e2ef,VNN_d3d75234b8cb,0.0,0.2141,keep_both,exact_content_sim=0.2141 < 0.8,False,
VNE_f5f2ec511655,VNN_2a7195afb7f3,0.0,0.2141,keep_both,exact_content_sim=0.2141 < 0.8,True,Khoa học công nghệ vs Kinh doanh
TTR_d271fa88e0e9,VNN_68aee1d16667,0.037,0.2139,keep_both,exact_content_sim=0.2139 < 0.8,False,
TTR_14d0e579acff,VNN_78b9dca1931c,0.0,0.2138,keep_both,exact_content_sim=0.2138 < 0.8,True,Thể thao vs Giáo dục
TTR_ad880d45536d,VNE_86d29d31c9ef,0.0,0.2137,keep_both,exact_content_sim=0.2137 < 0.8,False,
VNE_0c3bedd78f17,VNE_cd6f9c48616c,0.0,0.2134,keep_both,exact_content_sim=0.2134 < 0.8,False,
VNE_ce7c9df9e46b,VNN_b4fc9519cfe9,0.0,0.2134,keep_both,exact_content_sim=0.2134 < 0.8,True,Pháp luật vs Giáo dục
VNE_e1b29bf4edeb,VNN_fd79c6050899,0.0,0.2134,keep_both,exact_content_sim=0.2134 < 0.8,True,Pháp luật vs Khoa học công nghệ
TTR_14d0e579acff,TTR_4d6cc5e3da2e,0.0238,0.2133,keep_both,exact_content_sim=0.2133 < 0.8,True,Thể thao vs Sức khỏe
TTR_186caa7535f6,VNN_b56dc538cd15,0.0435,0.2133,keep_both,exact_content_sim=0.2133 < 0.8,False,
TTR_0eec4ebee787,VNE_42a7a499625f,0.0,0.2131,keep_both,exact_content_sim=0.2131 < 0.8,True,Kinh doanh vs Giải trí
TTR_cab5d51346f7,VNN_facd6f859a4d,0.0,0.2131,keep_both,exact_content_sim=0.2131 < 0.8,True,Kinh doanh vs Giải trí
TTR_e0a6948f35d2,VNN_fe7a001c5c0a,0.0,0.2131,keep_both,exact_content_sim=0.2131 < 0.8,False,
TTR_ac971d4e7062,VNN_8b9261e793b5,0.0,0.2125,keep_both,exact_content_sim=0.2125 < 0.8,True,Pháp luật vs Giáo dục
TTR_79847618f4ac,TTR_89e5418d87cd,0.0,0.2124,keep_both,exact_content_sim=0.2124 < 0.8,True,Kinh doanh vs Giải trí
VNE_68ea382a63bf,VNE_be2cb97beb84,0.0,0.2124,keep_both,exact_content_sim=0.2124 < 0.8,False,
TTR_f9b02e6e8176,VNN_bf5f6011e4c0,0.0,0.2123,keep_both,exact_content_sim=0.2123 < 0.8,False,
TTR_34940db6fecf,VNN_ed9022b20527,0.04,0.2122,keep_both,exact_content_sim=0.2122 < 0.8,False,
TTR_460d981e5d0d,VNN_388a01779875,0.0,0.212,keep_both,exact_content_sim=0.212 < 0.8,True,Thể thao vs Giáo dục
TTR_36422daedfc6,TTR_b4fc1c909249,0.0294,0.2118,keep_both,exact_content_sim=0.2118 < 0.8,False,
TTR_e24df00f7ee5,VNN_39e161a39d07,0.0,0.2118,keep_both,exact_content_sim=0.2118 < 0.8,True,Giáo dục vs Khoa học công nghệ
TTR_b544119a8c28,TTR_f77a89ac00d9,0.1,0.2115,keep_both,exact_content_sim=0.2115 < 0.8,True,Thể thao vs Kinh doanh
VNN_6434cd3ec901,VNN_a3c9128b81d8,0.0,0.2112,keep_both,exact_content_sim=0.2112 < 0.8,True,Thể thao vs Kinh doanh
TTR_eeb712c52761,VNE_2c7c9852c1ab,0.0333,0.2111,keep_both,exact_content_sim=0.2111 < 0.8,True,Sức khỏe vs Kinh doanh
TTR_6be0cbb9e513,TTR_db97239f754c,0.0286,0.211,keep_both,exact_content_sim=0.211 < 0.8,False,
TTR_70a422f54af1,VNE_77a5c5c0691e,0.0,0.2108,keep_both,exact_content_sim=0.2108 < 0.8,True,Kinh doanh vs Thể thao
VNE_32959ca02102,VNN_5f0c528c3fcc,0.0,0.2104,keep_both,exact_content_sim=0.2104 < 0.8,True,Pháp luật vs Kinh doanh
VNE_cbd669af7ffe,VNE_ccf5fa48c1cd,0.0435,0.2101,keep_both,exact_content_sim=0.2101 < 0.8,True,Sức khỏe vs Khoa học công nghệ
TTR_91311ea2fb29,VNE_649b99c7f237,0.0,0.21,keep_both,exact_content_sim=0.21 < 0.8,True,Sức khỏe vs Thể thao
VNE_741f49d1f010,VNN_b475d7f70aea,0.0,0.2094,keep_both,exact_content_sim=0.2094 < 0.8,False,
TTR_14d0e579acff,VNE_99d535220c07,0.0345,0.2088,keep_both,exact_content_sim=0.2088 < 0.8,True,Thể thao vs Kinh doanh
TTR_72b8457a8244,VNE_3c72e7fed8be,0.0,0.2088,keep_both,exact_content_sim=0.2088 < 0.8,True,Sức khỏe vs Khoa học công nghệ
TTR_056b1c42a223,VNN_388a01779875,0.0333,0.2087,keep_both,exact_content_sim=0.2087 < 0.8,True,Thể thao vs Giáo dục
TTR_6b3e5a6effd3,TTR_ea318d26b8ec,0.0,0.2087,keep_both,exact_content_sim=0.2087 < 0.8,True,Khoa học công nghệ vs Kinh doanh
TTR_495bddaa6503,TTR_c9ccb9730700,0.04,0.2086,keep_both,exact_content_sim=0.2086 < 0.8,True,Pháp luật vs Giải trí
TTR_a37c93e026c7,VNN_e76e1a4157c2,0.0,0.208,keep_both,exact_content_sim=0.208 < 0.8,True,Kinh doanh vs Sức khỏe
TTR_37257840c6dc,TTR_a37c93e026c7,0.0,0.2078,keep_both,exact_content_sim=0.2078 < 0.8,True,Giải trí vs Kinh doanh
VNE_74eca12af5a6,VNN_eeacc3971fa2,0.0714,0.2078,keep_both,exact_content_sim=0.2078 < 0.8,True,Pháp luật vs Khoa học công nghệ
TTR_2e4fbe61a4d1,TTR_5635b661ac40,0.0,0.2077,keep_both,exact_content_sim=0.2077 < 0.8,False,
VNE_a982919399fa,VNE_f5f2ec511655,0.0,0.2075,keep_both,exact_content_sim=0.2075 < 0.8,True,Kinh doanh vs Khoa học công nghệ
TTR_7415adef23db,TTR_995f542f4b70,0.0,0.2074,keep_both,exact_content_sim=0.2074 < 0.8,True,Kinh doanh vs Giải trí
TTR_fc294d2996e7,VNN_8b9261e793b5,0.0,0.207,keep_both,exact_content_sim=0.207 < 0.8,True,Giải trí vs Giáo dục
VNE_d3d10ded5629,VNN_0196b0580fd3,0.0,0.2068,keep_both,exact_content_sim=0.2068 < 0.8,True,Giải trí vs Khoa học công nghệ
VNE_cbd669af7ffe,VNN_54d65110ae69,0.0,0.2067,keep_both,exact_content_sim=0.2067 < 0.8,True,Sức khỏe vs Kinh doanh
TTR_6bc455ed8ecf,TTR_8e652437c357,0.0,0.2066,keep_both,exact_content_sim=0.2066 < 0.8,True,Giải trí vs Khoa học công nghệ
VNE_492c19c20355,VNE_87f583df5192,0.0,0.2065,keep_both,exact_content_sim=0.2065 < 0.8,True,Khoa học công nghệ vs Thể thao
VNE_1ffaf58c3da3,VNE_4d1fdb47673f,0.0,0.2063,keep_both,exact_content_sim=0.2063 < 0.8,True,Kinh doanh vs Giáo dục
TTR_623de6929042,VNE_ccf5fa48c1cd,0.0,0.2062,keep_both,exact_content_sim=0.2062 < 0.8,True,Thể thao vs Khoa học công nghệ
VNE_5ed9386fe830,VNE_a982919399fa,0.0,0.2062,keep_both,exact_content_sim=0.2062 < 0.8,True,Sức khỏe vs Kinh doanh
VNE_639351ae6503,VNE_b4423e3e96c2,0.0,0.2062,keep_both,exact_content_sim=0.2062 < 0.8,True,Thể thao vs Kinh doanh
VNE_f5f2ec511655,VNN_1bca539bc9ae,0.0,0.2059,keep_both,exact_content_sim=0.2059 < 0.8,True,Khoa học công nghệ vs Sức khỏe
TTR_623de6929042,VNE_ce7c9df9e46b,0.0,0.2057,keep_both,exact_content_sim=0.2057 < 0.8,True,Thể thao vs Pháp luật
TTR_73348b327f50,VNN_5de6fc633df1,0.0,0.2057,keep_both,exact_content_sim=0.2057 < 0.8,True,Giải trí vs Giáo dục
TTR_bd2ecd56dc0c,VNN_54d65110ae69,0.0,0.2057,keep_both,exact_content_sim=0.2057 < 0.8,True,Thể thao vs Kinh doanh
TTR_ed1710dcd3b6,VNN_708324bcaed0,0.0,0.2057,keep_both,exact_content_sim=0.2057 < 0.8,True,Giải trí vs Giáo dục
VNE_77cc973ffea4,VNN_a24a38a439b3,0.0,0.2057,keep_both,exact_content_sim=0.2057 < 0.8,True,Kinh doanh vs Thể thao
VNE_1326b8d8ec5f,VNN_39236de1871f,0.0,0.2056,keep_both,exact_content_sim=0.2056 < 0.8,True,Sức khỏe vs Giáo dục
VNE_e560bc1f9d65,VNN_233d3983ebfb,0.0,0.2055,keep_both,exact_content_sim=0.2055 < 0.8,True,Giải trí vs Sức khỏe
VNE_7ff787712059,VNN_7589f3d05c4c,0.0,0.2054,keep_both,exact_content_sim=0.2054 < 0.8,True,Sức khỏe vs Khoa học công nghệ
TTR_4dc9ec11851e,TTR_e07ea6f863e4,0.0541,0.2051,keep_both,exact_content_sim=0.2051 < 0.8,True,Giáo dục vs Kinh doanh
VNN_2d7b5ace1405,VNN_fd79c6050899,0.0,0.2049,keep_both,exact_content_sim=0.2049 < 0.8,True,Giáo dục vs Khoa học công nghệ
TTR_7ae9a7ebdf80,TTR_e07ea6f863e4,0.0286,0.204,keep_both,exact_content_sim=0.204 < 0.8,False,
TTR_8bbcf9a81f1d,VNE_b10896edf453,0.037,0.2037,keep_both,exact_content_sim=0.2037 < 0.8,True,Kinh doanh vs Pháp luật
TTR_17333921dc87,VNE_94694c7d631a,0.0,0.2033,keep_both,exact_content_sim=0.2033 < 0.8,True,Thể thao vs Giải trí
VNE_cbd669af7ffe,VNN_be8f0a5c1565,0.0,0.203,keep_both,exact_content_sim=0.203 < 0.8,True,Sức khỏe vs Khoa học công nghệ
TTR_d5da89fdcec0,VNE_3ef66b99e0dc,0.0,0.2029,keep_both,exact_content_sim=0.2029 < 0.8,True,Pháp luật vs Thể thao
TTR_623de6929042,VNN_be8f0a5c1565,0.037,0.2026,keep_both,exact_content_sim=0.2026 < 0.8,True,Thể thao vs Khoa học công nghệ
TTR_e066c3e4911c,VNN_8933f4614509,0.0,0.2026,keep_both,exact_content_sim=0.2026 < 0.8,True,Giáo dục vs Sức khỏe
TTR_fc77a393f81b,VNE_dacea6263125,0.0,0.2026,keep_both,exact_content_sim=0.2026 < 0.8,True,Sức khỏe vs Khoa học công nghệ
TTR_cd854c226099,VNN_0d3562aa2655,0.0,0.2022,keep_both,exact_content_sim=0.2022 < 0.8,True,Sức khỏe vs Thể thao
TTR_e5f10d7ef321,TTR_feb9dd264c2c,0.0312,0.2022,keep_both,exact_content_sim=0.2022 < 0.8,True,Sức khỏe vs Kinh doanh
TTR_ee45f6d4f32b,VNE_d3d10ded5629,0.0,0.2022,keep_both,exact_content_sim=0.2022 < 0.8,True,Kinh doanh vs Giải trí
TTR_14d0e579acff,VNN_f6d1cd804f9a,0.0,0.2015,keep_both,exact_content_sim=0.2015 < 0.8,True,Thể thao vs Giáo dục
TTR_b544119a8c28,VNE_7c506e715dd6,0.0,0.2014,keep_both,exact_content_sim=0.2014 < 0.8,True,Thể thao vs Giải trí
TTR_abf375384d19,VNE_d3d10ded5629,0.0,0.2012,keep_both,exact_content_sim=0.2012 < 0.8,True,Kinh doanh vs Giải trí
TTR_4dd5b9cb77bf,VNN_583afb87bcff,0.0294,0.2007,keep_both,exact_content_sim=0.2007 < 0.8,True,Giáo dục vs Kinh doanh
TTR_644a61d435a8,VNE_98c181b8b648,0.0,0.2007,keep_both,exact_content_sim=0.2007 < 0.8,True,Thể thao vs Giải trí
TTR_14d0e579acff,VNN_3638c1569774,0.0278,0.2004,keep_both,exact_content_sim=0.2004 < 0.8,True,Thể thao vs Giáo dục
TTR_2e35b15228d0,VNN_68aee1d16667,0.0,0.2,keep_both,exact_content_sim=0.2 < 0.8,True,Giải trí vs Giáo dục
TTR_ac971d4e7062,TTR_fc294d2996e7,0.0,0.2,keep_both,exact_content_sim=0.2 < 0.8,True,Pháp luật vs Giải trí
VNE_a3721f5d03cf,VNN_73614d43f596,0.0,0.2,keep_both,exact_content_sim=0.2 < 0.8,True,Kinh doanh vs Khoa học công nghệ
TTR_2bb4ea27b110,VNE_fbfd586cbdd5,0.027,0.1996,keep_both,exact_content_sim=0.1996 < 0.8,True,Thể thao vs Pháp luật
TTR_858119f08e84,VNE_6accd05c6c89,0.0,0.1996,keep_both,exact_content_sim=0.1996 < 0.8,True,Giáo dục vs Sức khỏe
TTR_d5da89fdcec0,VNE_af29ee38a924,0.0,0.1993,keep_both,exact_content_sim=0.1993 < 0.8,True,Pháp luật vs Kinh doanh
TTR_a7c3eae978bc,VNN_5c4dce4f1fa1,0.0,0.1988,keep_both,exact_content_sim=0.1988 < 0.8,True,Pháp luật vs Giải trí
VNE_d3d10ded5629,VNE_e33d46bd07a8,0.0476,0.1986,keep_both,exact_content_sim=0.1986 < 0.8,True,Giải trí vs Khoa học công nghệ
TTR_a9a31972a47c,VNE_cd80ee63238b,0.0,0.1976,keep_both,exact_content_sim=0.1976 < 0.8,True,Kinh doanh vs Giải trí
TTR_c10e50ac7298,TTR_fc294d2996e7,0.0,0.1976,keep_both,exact_content_sim=0.1976 < 0.8,True,Kinh doanh vs Giải trí
VNE_cbd669af7ffe,VNE_ce7c9df9e46b,0.0,0.1974,keep_both,exact_content_sim=0.1974 < 0.8,True,Sức khỏe vs Pháp luật
TTR_586a343b2710,VNN_0a336ffc9b48,0.0323,0.1965,keep_both,exact_content_sim=0.1965 < 0.8,True,Thể thao vs Kinh doanh
VNE_f4fcdb4de58c,VNN_4dd6d6fa63c1,0.0357,0.1961,keep_both,exact_content_sim=0.1961 < 0.8,True,Giáo dục vs Kinh doanh
VNE_be2cb97beb84,VNN_d3d75234b8cb,0.0,0.1957,keep_both,exact_content_sim=0.1957 < 0.8,True,Kinh doanh vs Giáo dục
TTR_10e13df4da6f,VNN_fbeebcf88987,0.0,0.1956,keep_both,exact_content_sim=0.1956 < 0.8,True,Kinh doanh vs Khoa học công nghệ
VNE_bd11efd330b4,VNN_ab72c4a3a861,0.0,0.1952,keep_both,exact_content_sim=0.1952 < 0.8,True,Khoa học công nghệ vs Sức khỏe
TTR_15e3987ff1b4,TTR_999c01e4f3ec,0.1176,0.1951,keep_both,exact_content_sim=0.1951 < 0.8,False,
VNE_199ab95c96ef,VNE_bb574e8e1e54,0.0,0.1951,keep_both,exact_content_sim=0.1951 < 0.8,True,Kinh doanh vs Khoa học công nghệ
TTR_c43b6db6a0c3,VNN_2b898b786599,0.0,0.1946,keep_both,exact_content_sim=0.1946 < 0.8,True,Sức khỏe vs Kinh doanh
VNE_209dd5a47ef7,VNE_f350008a6875,0.0,0.194,keep_both,exact_content_sim=0.194 < 0.8,True,Kinh doanh vs Sức khỏe
TTR_8657d3597a4d,VNE_9033e2d715db,0.0,0.1938,keep_both,exact_content_sim=0.1938 < 0.8,True,Thể thao vs Giải trí
VNE_68ea382a63bf,VNN_580fcc478fd5,0.0,0.1937,keep_both,exact_content_sim=0.1937 < 0.8,True,Kinh doanh vs Sức khỏe
TTR_bd2ecd56dc0c,VNE_ce7c9df9e46b,0.0,0.1935,keep_both,exact_content_sim=0.1935 < 0.8,True,Thể thao vs Pháp luật
TTR_5e1c09ac4b1e,TTR_6c2c2307d7df,0.0,0.1931,keep_both,exact_content_sim=0.1931 < 0.8,True,Thể thao vs Khoa học công nghệ
VNN_3825f5e49874,VNN_bdc9cc6c75bc,0.0,0.1924,keep_both,exact_content_sim=0.1924 < 0.8,True,Khoa học công nghệ vs Kinh doanh
TTR_89e5418d87cd,VNE_750deb307e16,0.0,0.1912,keep_both,exact_content_sim=0.1912 < 0.8,True,Giải trí vs Pháp luật
TTR_12e7bf86b757,VNN_b09a9a1157f5,0.0,0.1909,keep_both,exact_content_sim=0.1909 < 0.8,True,Sức khỏe vs Thể thao
TTR_29cdefb53f61,VNE_370531bb631c,0.0417,0.1909,keep_both,exact_content_sim=0.1909 < 0.8,True,Khoa học công nghệ vs Giải trí
TTR_9f73f9662feb,VNN_f732e7b13f5e,0.0,0.1905,keep_both,exact_content_sim=0.1905 < 0.8,True,Giải trí vs Giáo dục
TTR_2e35b15228d0,VNE_6accd05c6c89,0.0417,0.1891,keep_both,exact_content_sim=0.1891 < 0.8,True,Giải trí vs Sức khỏe
TTR_6be0cbb9e513,VNE_a02987767674,0.0,0.1891,keep_both,exact_content_sim=0.1891 < 0.8,True,Sức khỏe vs Thể thao
TTR_ac9bcd3212e2,TTR_ee4b801753f0,0.0,0.1891,keep_both,exact_content_sim=0.1891 < 0.8,True,Pháp luật vs Giáo dục
TTR_70d3ad0a1cc5,VNN_8e0b86b76752,0.0,0.189,keep_both,exact_content_sim=0.189 < 0.8,False,
TTR_3a51b0718500,VNE_fb26d879a913,0.0,0.1882,keep_both,exact_content_sim=0.1882 < 0.8,True,Giải trí vs Sức khỏe
VNE_d40f1fffe9a6,VNN_1e25081dd8ac,0.0,0.1876,keep_both,exact_content_sim=0.1876 < 0.8,True,Thể thao vs Giải trí
VNN_8933f4614509,VNN_c490e3582833,0.0,0.187,keep_both,exact_content_sim=0.187 < 0.8,True,Sức khỏe vs Pháp luật
TTR_d4891f7b0210,VNE_6c8c063ef31e,0.0,0.1867,keep_both,exact_content_sim=0.1867 < 0.8,True,Pháp luật vs Thể thao
VNE_b353256e504b,VNN_1dbe30819381,0.1333,0.1862,keep_both,exact_content_sim=0.1862 < 0.8,False,
TTR_7e99e75897d1,VNE_25e62461fefd,0.0,0.1856,keep_both,exact_content_sim=0.1856 < 0.8,True,Thể thao vs Sức khỏe
VNE_cbd669af7ffe,VNN_b4fc9519cfe9,0.037,0.1849,keep_both,exact_content_sim=0.1849 < 0.8,True,Sức khỏe vs Giáo dục
VNE_2e7bf5e2c52a,VNE_7c506e715dd6,0.0,0.1843,keep_both,exact_content_sim=0.1843 < 0.8,True,Kinh doanh vs Giải trí
TTR_858119f08e84,VNN_68aee1d16667,0.0,0.1838,keep_both,exact_content_sim=0.1838 < 0.8,False,
TTR_bd2ecd56dc0c,VNE_d8b4976887be,0.0,0.1828,keep_both,exact_content_sim=0.1828 < 0.8,True,Thể thao vs Kinh doanh
TTR_c4c535e68006,VNN_81c1d1f7b794,0.0,0.1828,keep_both,exact_content_sim=0.1828 < 0.8,True,Giải trí vs Kinh doanh
TTR_d64201584ef4,VNE_8a65119152b3,0.0,0.1825,keep_both,exact_content_sim=0.1825 < 0.8,True,Pháp luật vs Giải trí
VNE_e2b2c8e9f5cf,VNN_76c4c42ded34,0.0,0.1824,keep_both,exact_content_sim=0.1824 < 0.8,True,Giáo dục vs Pháp luật
TTR_6cac8a15e794,VNN_68aee1d16667,0.0357,0.1823,keep_both,exact_content_sim=0.1823 < 0.8,True,Kinh doanh vs Giáo dục
VNE_537a6984e093,VNE_dc1b52320a32,0.0,0.1817,keep_both,exact_content_sim=0.1817 < 0.8,True,Thể thao vs Kinh doanh
VNE_cd80ee63238b,VNN_81a57172c4c9,0.0,0.1812,keep_both,exact_content_sim=0.1812 < 0.8,True,Giải trí vs Kinh doanh
TTR_623de6929042,VNE_d8b4976887be,0.0,0.181,keep_both,exact_content_sim=0.181 < 0.8,True,Thể thao vs Kinh doanh
VNE_2e7bf5e2c52a,VNE_845976bf209a,0.0,0.1809,keep_both,exact_content_sim=0.1809 < 0.8,True,Kinh doanh vs Khoa học công nghệ
VNE_64b6b4b1eeea,VNE_75be2067b924,0.0,0.1809,keep_both,exact_content_sim=0.1809 < 0.8,True,Kinh doanh vs Khoa học công nghệ
TTR_c2fa0a1ed43a,VNN_631dcd3a4d92,0.0345,0.1786,keep_both,exact_content_sim=0.1786 < 0.8,True,Kinh doanh vs Giải trí
TTR_f9cd5b86c1c7,VNE_253c274f678f,0.0385,0.1781,keep_both,exact_content_sim=0.1781 < 0.8,True,Giáo dục vs Pháp luật
TTR_db97239f754c,VNE_a02987767674,0.0,0.178,keep_both,exact_content_sim=0.178 < 0.8,True,Sức khỏe vs Thể thao
TTR_623de6929042,VNN_54d65110ae69,0.0,0.1774,keep_both,exact_content_sim=0.1774 < 0.8,True,Thể thao vs Kinh doanh
TTR_ec925bae8d0d,VNN_c4e67c45ab4f,0.0,0.1768,keep_both,exact_content_sim=0.1768 < 0.8,True,Kinh doanh vs Giáo dục
TTR_c10e50ac7298,VNN_8b9261e793b5,0.0,0.1761,keep_both,exact_content_sim=0.1761 < 0.8,True,Kinh doanh vs Giáo dục
TTR_1533a51a4fa9,VNN_fd15fbdb95f4,0.0345,0.1759,keep_both,exact_content_sim=0.1759 < 0.8,True,Giáo dục vs Pháp luật
TTR_0e4e279ccc72,TTR_79d27786ff65,0.0,0.1757,keep_both,exact_content_sim=0.1757 < 0.8,False,
TTR_b3d1a12368d5,VNN_78535340b037,0.0,0.1743,keep_both,exact_content_sim=0.1743 < 0.8,True,Thể thao vs Sức khỏe
TTR_831f87495c23,VNN_bac2aac48294,0.0,0.1741,keep_both,exact_content_sim=0.1741 < 0.8,True,Thể thao vs Sức khỏe
TTR_1b4c696af2fd,VNE_0c3bedd78f17,0.0312,0.1734,keep_both,exact_content_sim=0.1734 < 0.8,True,Pháp luật vs Kinh doanh
VNE_4f73aa775922,VNN_ed47c3843fa9,0.0,0.1703,keep_both,exact_content_sim=0.1703 < 0.8,True,Giáo dục vs Kinh doanh
VNE_84417c63d5e5,VNN_af24735cf5e7,0.0,0.1696,keep_both,exact_content_sim=0.1696 < 0.8,True,Giải trí vs Thể thao
VNE_6accd05c6c89,VNN_68aee1d16667,0.0,0.1675,keep_both,exact_content_sim=0.1675 < 0.8,True,Sức khỏe vs Giáo dục
VNE_83ff1a61d0c8,VNN_7ad4588e0555,0.0,0.1657,keep_both,exact_content_sim=0.1657 < 0.8,True,Thể thao vs Sức khỏe
VNE_cbd669af7ffe,VNE_d8b4976887be,0.0,0.1618,keep_both,exact_content_sim=0.1618 < 0.8,True,Sức khỏe vs Kinh doanh
TTR_8e87ed4be4c0,VNE_1a9509565340,0.0,0.1616,keep_both,exact_content_sim=0.1616 < 0.8,True,Giải trí vs Kinh doanh
TTR_fba813f7bf85,VNN_ac277f365ce9,0.0,0.1605,keep_both,exact_content_sim=0.1605 < 0.8,True,Khoa học công nghệ vs Giải trí
TTR_539e453750e5,VNE_60d717c1ac2c,0.0,0.1581,keep_both,exact_content_sim=0.1581 < 0.8,True,Giải trí vs Sức khỏe
TTR_bd2ecd56dc0c,VNE_cbd669af7ffe,0.08,0.1569,keep_both,exact_content_sim=0.1569 < 0.8,True,Thể thao vs Sức khỏe
TTR_c9c61092ad6e,TTR_feb38be1b032,0.0,0.1564,keep_both,exact_content_sim=0.1564 < 0.8,True,Thể thao vs Giải trí
VNE_fbfd586cbdd5,VNN_5970487554d7,0.0,0.1488,keep_both,exact_content_sim=0.1488 < 0.8,True,Pháp luật vs Thể thao
VNE_68ea382a63bf,VNN_d3d75234b8cb,0.0,0.1407,keep_both,exact_content_sim=0.1407 < 0.8,True,Kinh doanh vs Giáo dục
TTR_623de6929042,VNE_cbd669af7ffe,0.08,0.1369,keep_both,exact_content_sim=0.1369 < 0.8,True,Thể thao vs Sức khỏe
TTR_1b197b9b775f,TTR_976165ed08d2,0.0323,0.1343,keep_both,exact_content_sim=0.1343 < 0.8,True,Sức khỏe vs Thể thao
TTR_70964c8d767b,VNE_d37ce5f5d880,0.375,0.9455,manual_review,content_sim=0.9455 >= 0.85 but category_conflict: Sức khỏe vs Kinh doanh,True,Sức khỏe vs Kinh doanh
VNE_198e99cb9c0e,VNN_bfda5b8139ba,0.7857,0.9061,manual_review,content_sim=0.9061 >= 0.85 but category_conflict: Kinh doanh vs Giáo dục,True,Kinh doanh vs Giáo dục
TTR_b1f26bbd0b0a,VNE_0b0121f0fd50,0.2759,0.8433,manual_review,"exact_content_sim=0.8433 in [0.8, 0.85)",False,
TTR_521fcc65bfa8,TTR_5c2ca0a15e2a,0.2812,0.8422,manual_review,"exact_content_sim=0.8422 in [0.8, 0.85)",False,
VNE_acd94d1e5510,VNN_d9ae9fd9f24f,0.2857,0.8407,manual_review,"exact_content_sim=0.8407 in [0.8, 0.85)",False,
TTR_ca126995f0dc,VNN_f7fadc015152,0.5217,0.8328,manual_review,"exact_content_sim=0.8328 in [0.8, 0.85)",False,
TTR_54e421624c33,VNN_621236c4d00c,0.1852,0.8282,manual_review,"exact_content_sim=0.8282 in [0.8, 0.85)",False,
TTR_45b13a3608bd,VNE_c1cdf87837c4,0.3158,0.8272,manual_review,"exact_content_sim=0.8272 in [0.8, 0.85)",False,
TTR_71aaf4a4a75d,TTR_71ad5e4e4abb,0.3846,0.8266,manual_review,"exact_content_sim=0.8266 in [0.8, 0.85)",False,
VNE_59373b053d02,VNN_d553cfed6210,0.08,0.8266,manual_review,"exact_content_sim=0.8266 in [0.8, 0.85)",False,
TTR_9af84551366c,TTR_a35102344ef5,0.1395,0.8252,manual_review,"exact_content_sim=0.8252 in [0.8, 0.85)",False,
TTR_4f38c03e4b28,TTR_c91436ef73e7,0.4706,0.8208,manual_review,"exact_content_sim=0.8208 in [0.8, 0.85)",False,
TTR_6b314e6f734e,VNN_1aead0208b0c,0.5714,0.8177,manual_review,"exact_content_sim=0.8177 in [0.8, 0.85)",False,
TTR_e5b2cbffc048,VNN_a6e0f256a615,0.2174,0.8142,manual_review,"exact_content_sim=0.8142 in [0.8, 0.85)",False,
VNN_01d334185602,VNN_637769a41901,0.0938,0.8094,manual_review,"exact_content_sim=0.8094 in [0.8, 0.85)",False,
VNE_82e35b6fbb0c,VNN_a0816f63314d,0.3529,0.8072,manual_review,"exact_content_sim=0.8072 in [0.8, 0.85)",False,
TTR_ac9dfb6a2331,TTR_bc97740f05b0,0.4643,0.8038,manual_review,"exact_content_sim=0.8038 in [0.8, 0.85)",False,
TTR_f7adace8f07d,VNE_661f277d4393,0.36,0.8038,manual_review,"exact_content_sim=0.8038 in [0.8, 0.85)",True,Sức khỏe vs Kinh doanh
TTR_3e51a50003ae,VNN_9f82850e1f03,1.0,0.9717,remove,exact_content_sim=0.9717 >= 0.85,False,
VNE_a9c8ec34cabb,VNN_56dbcf90051d,0.5556,0.9544,remove,exact_content_sim=0.9544 >= 0.85,False,
TTR_6226ec6a9425,VNN_0ab292382ae6,0.3636,0.9543,remove,exact_content_sim=0.9543 >= 0.85,False,
VNE_55dbe74b2b95,VNN_ffa697539e1a,0.3333,0.9534,remove,exact_content_sim=0.9534 >= 0.85,False,
TTR_0af0cc97c349,VNN_4f1135696f7b,1.0,0.9299,remove,exact_content_sim=0.9299 >= 0.85,False,
TTR_c57e1c9e71a7,VNN_17ac56fadf6f,0.9286,0.8995,remove,exact_content_sim=0.8995 >= 0.85,False,
TTR_fbd4a3a200cc,VNN_4de91baec3b9,1.0,0.8954,remove,exact_content_sim=0.8954 >= 0.85,False,
VNE_557bfe5338dc,VNE_8952560101d2,0.5333,0.891,remove,exact_content_sim=0.891 >= 0.85,False,
TTR_99b16830c22f,VNN_7a3caf8ad4d0,0.4545,0.8895,remove,exact_content_sim=0.8895 >= 0.85,False,
VNE_50a41e47997b,VNE_cadfcfbb0c41,0.75,0.88,remove,exact_content_sim=0.88 >= 0.85,False,
TTR_133104563fd2,VNN_9fcdfa96e3f2,0.2083,0.8794,remove,exact_content_sim=0.8794 >= 0.85,False,
TTR_84ab6176c626,TTR_d1f883def03c,0.5357,0.8723,remove,exact_content_sim=0.8723 >= 0.85,False,
TTR_79617442208b,VNN_27414499f089,0.2308,0.8683,remove,exact_content_sim=0.8683 >= 0.85,False,
TTR_16e2580828ae,VNE_adab501c6b6f,0.4375,0.8662,remove,exact_content_sim=0.8662 >= 0.85,False,
VNE_73fddc5dd732,VNN_ae85d68b64a2,0.1905,0.8629,remove,exact_content_sim=0.8629 >= 0.85,False,
VNN_3a24d3ee63cc,VNN_850bd7455732,0.6667,0.8469,remove,title_sim=0.6667 >= 0.6 and exact_content_sim=0.8469 >= 0.7,False,
TTR_a9a31972a47c,VNN_81a57172c4c9,0.6087,0.8083,remove,title_sim=0.6087 >= 0.6 and exact_content_sim=0.8083 >= 0.7,False,
TTR_160e5e97db58,TTR_8dbd8b01fcd8,0.6667,0.7975,remove,title_sim=0.6667 >= 0.6 and exact_content_sim=0.7975 >= 0.7,False,
TTR_e0de9aaf6c32,VNN_3ce4b74f4bca,0.6,0.7926,remove,title_sim=0.6 >= 0.6 and exact_content_sim=0.7926 >= 0.7,False,
TTR_d81ba52fcc71,VNN_bd9bdce85826,1.0,0.7667,remove,title_sim=1.0 >= 0.6 and exact_content_sim=0.7667 >= 0.7,False,
VNE_ba28867e9ff4,VNN_022f14b5e956,1.0,0.7661,remove,title_sim=1.0 >= 0.6 and exact_content_sim=0.7661 >= 0.7,False,
TTR_889c6701a089,VNN_0f96e6e0d02a,0.8333,0.7624,remove,title_sim=0.8333 >= 0.6 and exact_content_sim=0.7624 >= 0.7,False,
VNE_703c01767c59,VNN_7a3caf8ad4d0,0.6667,0.7605,remove,title_sim=0.6667 >= 0.6 and exact_content_sim=0.7605 >= 0.7,False,
TTR_4a0cc81082ad,VNN_75a762888060,0.6111,0.7549,remove,title_sim=0.6111 >= 0.6 and exact_content_sim=0.7549 >= 0.7,False,
TTR_574e908e3e53,VNN_4c165b45af6e,0.7857,0.7514,remove,title_sim=0.7857 >= 0.6 and exact_content_sim=0.7514 >= 0.7,False,
VNE_4decda4d5f1e,VNN_8e22a01bf8bf,0.8462,0.7466,remove,title_sim=0.8462 >= 0.6 and exact_content_sim=0.7466 >= 0.7,False,
TTR_f2cb6524e122,TTR_f92fc5808092,0.6957,0.7222,remove,title_sim=0.6957 >= 0.6 and exact_content_sim=0.7222 >= 0.7,False,
TTR_40276249eaeb,VNE_20cc83bd2a28,1.0,0.7153,remove,title_sim=1.0 >= 0.6 and exact_content_sim=0.7153 >= 0.7,False,
TTR_348a8e36c449,VNN_15b6518b26df,0.6522,0.715,remove,title_sim=0.6522 >= 0.6 and exact_content_sim=0.715 >= 0.7,False,
TTR_b165506f4bb9,TTR_f2cb6524e122,0.7619,0.7042,remove,title_sim=0.7619 >= 0.6 and exact_content_sim=0.7042 >= 0.7,False,
